guid;full_name;last_name;first_name;patronymic;was_fixed
340cb43f-76ef-4b36-a607-96e41f5ccbb3;Копылова Георгий Васильевич;Копылова;Георгий;Васильевич;NO
ab677d42-4856-4f48-8d7d-cfd89ebbb452;ИП Мамонтов С.А.;Мамонтов;Соломон;Анатольевич;NO
f68e67d7-f875-44c6-817c-b9249553e702;Устинов Панкратий Матвеевна;Устинов;Панкратий;Матвеевна;NO
8f00225f-06e0-44e0-8eb8-c06942b33934;Дементьева Виктор Матвеевна;Дементьева;Виктор;Матвеевна;NO
34459c44-9183-47da-9bbd-b9f1d958f2ae;ИП Алексеев Т.Д.;Алексеев;Творимир;Данилович;NO
948ac221-e6e7-447c-a81e-d67789d1cc49;Ермаков Кондратий Филиппович;Ермаков;Кондратий;Филиппович;NO
fb762d18-09b9-41e1-b516-60c4781892e6;Лобанов Эмилия Арсеньевич;Лобанов;Эмилия;Арсеньевич;NO
9bc6aefe-3a3c-481f-945d-ee190f76462c;Мамонтов Амвросий Алексеевна;Мамонтов;Амвросий;Алексеевна;NO
276312cc-191a-496d-a959-03f2a2de8f19;Одинцов Д. Л.;Одинцов;Данила;Леожидовна;NO
82ca0edc-5263-4574-86da-067b62c9ec3d;Кулаков Мокей Алексеевна;Кулаков;Мокей;Алексеевна;NO
eefd5022-bcc9-461c-b465-45ccec05212e;ИП Субботина О.Н.;Субботина;Ольга;затановна;NO
d24d6311-09c5-4cef-9296-ae4832f25945;Громов Р. А.;Громов;Рубен;Алексеевич;NO
463339a6-d834-4f5e-bbc6-16bcd7c79cc9;Маслов Вера Владленович;Маслов;Веаа;Владленович;NO
8745e010-50ac-46f7-9fec-45f727bc60b0;ИП Котова В.А.;Котова;Валерий;Адрианович;NO
95d7ad94-66a5-40a1-b108-09fd42604740;Алексеев А. А.;Алексеев;Антип;Анатольевна;NO
21418a90-f527-4cbc-9214-f6095fbc36e0;Громов Терентий Изотович;Громов;Терентий;Изотович;NO
c9cb4fd7-8b36-4b7c-85ed-c2a6297cc470;Громов Терентий Изотович;Громов;Терентий;Изотович;NO
c0eae4d3-18d6-4c2c-b2bd-d860aa5bbdc1;Тихонова Панкратий Валерианович;Тихонова;Панкратий;Валерианович;NO
59bbb680-88b3-4da7-a1f0-215179770c09;Владимиров В. А.;Владимиров;Виталий;Александровна;NO
e1dd327e-3934-4575-ae10-94f5d92c1cdb;Носов Антип Аверьянович;Носов;Антип;Аверьянович;NO
db94a70d-7c0b-4d49-99de-41d8314354fa;ИП Васильева О.А.;Васильева;мльга;Арсенович;NO
c114fcf5-f47a-4d3e-9add-b7276fe31c99;Громов Валерий Фокич;Гремов;Валерий;Фокич;NO
88e816e6-8767-4411-bccc-286d76ede567;ИП Филиппов В.Ф.;Филиппов;Виктория;Федотовнч;NO
a204b181-4bcd-410d-9692-eb70ea17123a;Савельева П. А.;Савельева;Поликарп;Анатольейич;NO
788a1c03-9503-44bc-bc74-06f1ba0a0438;Комиссаров А. А.;Комиссаров;Арефий;Александровно;NO
8d831769-152f-445c-9207-4fc39bb62b1d;Носова Т. А.;Носова;Тарас;Антипович;NO
b5ed3034-f084-449e-9190-390e28a97275;Устинов Флорентин Болеславовна;Устинов;Флорентин;Болеславовна;NO
b956817b-7e3c-4d48-989b-b412b6417ee5;Носов Федосий Макаровна;Носов;щедосий;Макаровна;NO
ae234f4e-e2c1-4365-bb92-593c1158d128;Соловьев Арефий Владимировна;Соловьев;Арефий;Владимировна;NO
b25aaa52-2349-46bb-81d2-25c27d1bfa7a;Лыткина Ипполит Александровна;Лыткина;Ипполит;Александровна;NO
820cba1c-9df9-49a9-8918-5c32859f7834;Мишина Виктория Марсович;Мишина;Викторич;Марсович;NO
d83de95b-5a4d-4bfd-aa43-f5ec46d704c3;Петрова Рубен Геннадьевна;Петрова;Рубен;Геннадьевна;YES
7260774b-1700-4460-b331-2f3e320e38b0;Пономарева Лонгин Алексеевич;Пономарева;Лонгин;Алексеевич;NO
b2250cd9-3ffb-4eec-9726-a0bf5e851be3;Шарапова Остап Алексеевна;Шарапова;Остап;Алексеевна;NO
f6d8c73e-5960-411f-9086-72ec42bd2f2a;ИП Брагина Ф.А.;Брагина;Фома;Александрович;NO
d18584dd-a5d9-4a11-8645-ee7dd5f6a833;Медведева Амос Фокич;Медведева;Амос;Фокич;NO
aa370fc8-fc9f-4bc9-8933-c92f6eb721f1;ИП Пономарева А.А.;Пономарева;Антип;Антонович;NO
12c0fd57-c05f-4893-a6b4-af4f300eacad;Бобров Эмилия Владиславовна;Бобров;Эмилия;Владиславовна;NO
87b56879-b1b0-4280-a376-96ab6c9b7821;ИП Кулаков П.Я.;Кулаков;Пров;Яковлевич;NO
cd240adc-cd04-45fb-9798-2ee3c5152941;Петухова Орест Глебович;Петухова;Орест;Глебович;NO
b8321ecc-355f-41f7-992c-39d984c8dc3a;Бобров Л. Г.;Бобров;Лариса;Геннадиевна;NO
43a18fb5-26c9-4903-863c-6cf4875b89ee;Бобров Л. Г.;Бобров;Лариса;Геннадиевна;NO
c51efddb-f1af-4d70-abe1-764a847613b7;Мамонтов Варлаам Алексеевна;Мамонтов;Варлаам;Алексеевна;NO
1fd26653-c331-4f15-a4a7-38c6436c2035;Жукова Марина Жанович;Жукова;Марина;Жанович;NO
7b61873c-f72a-4712-849f-8bf0b6227caf;Брагина Тарас Матвеевна;Брагина;Тарас;Матвеевна;NO
422dd38b-3ec9-40c5-907d-3d2ce44d9661;ИП Моисеева А.А.;Моисеева;Амос;Августович;NO
6bb1c681-351e-402f-83fb-f6494a2a40fa;Корнилова Э. Ф.;Корнилова;имилия;Фокич;NO
0df32363-93a1-492b-8567-561a76ebe8bb;ИП Мишина А.Е.;Мишина;Акулина;Ерофеевич;NO
ba0de949-cb23-42f0-b9c6-e41b6c552aa4;Копылова Эммануил Фёдорович;Коцылова;Эммануил;Фёдорович;NO
bf820146-b58a-4658-ae54-762a32754c82;Исакова Федор Ярославович;Исакова;Федор;Ярославович;NO
2d8770e7-573c-40ba-b6a5-0372fc788602;Пономарева Сила Марсович;Пономарева;Силс;Марсович;NO
fac29a39-cc8b-40b4-930a-b748eb6b8172;Бобров Савватий Валерианович;Бобров;Савватий;Валерианович;NO
2b5f35c6-bb89-4531-9cda-c9e7fcd1fa63;Журавлев Б. Е.;Журавлев;Борислав;Ермолаевич;NO
6f693a8f-609f-4fb8-896e-50889d43d9b8;Гуляев Гаврила Марсович;Гуляев;Гаврила;Марсович;NO
615fe2e7-357c-43e2-a380-6dbff470bbfa;Бобров С. Э.;Бобров;Сильвестр;Эдуардовна;NO
cd9175b8-baa4-4821-bb26-5f5188921971;Муравьев Федосий Игнатьевич;Муравьев;Федосий;Игнатьевич;NO
780fce19-8528-4b04-bfbd-3352b21c037f;ИП Моисеева В.В.;Моисеева;Варлаам;Вцсильевич;NO
3f77e801-8596-42cc-a267-f53e6fbbab77;Копылова Аристарх Игнатьевич;Копылова;Аристарх;Игнатьевич;NO
6b91a763-9d38-469e-b9c0-b5f19e2ca35e;Одинцов Лукия Харлампьевич;Одинцов;Лукия;Харлампьевич;NO
83272e2a-69c2-465c-80ec-fa7a666858a3;ИП Иванова В.Ф.;Иванова;Виссарион;Фокич;YES
e95da83e-d2e9-4861-bb62-8e990126fa3e;Силина Чеслав Арсеньевич;Силина;Чеслав;Арсеньевич;NO
0bf6d7ce-985d-4083-b7ab-f14b05590231;ИП Князева Е.В.;Князева;Еремей;Владленович;NO
996e16e4-60d2-46c8-8e77-c48e4f6ab8e5;Фокина Виктор Трифонович;Фокина;Виктор;Трифонович;NO
5ccd74b2-4cd5-4e66-a2f9-13742fec9388;ИП Ермаков П.В.;Ермаков;Поликарп;Вадимовна;NO
a216ba4e-4fbc-4c55-b1fb-e0a57bdf68bd;Фокина Соломон Игнатьевич;Фокина;Соломон;Игнатьевич;NO
5689e35b-b024-45b7-94e9-b50c6fafeab8;Колесников Амвросий Геннадьевна;Колесников;Амвросий;Геннадьевна;NO
2cb722e3-043a-4426-a079-28948eecf5bb;Николаев Виссарион Федотович;Николаев;Виссарион;Федотович;NO
6a0849c0-67ca-40ff-b623-6277a9ff517d;Медведева Анисим Тихонович;Медведева;Анисим;Тихонович;NO
c2407051-ca1d-419a-9ae1-3dd7f28f72de;Владимиров Мокей Виленович;Владимиров;Мокей;Виленович;NO
4dcf3577-0a69-4ee9-93df-9f740e3d21b4;ИП Лобанов Р.З.;Лобанов;Регина;Захарьевич;NO
7d5c5dfa-c024-4cc8-b1be-86d261d0c824;ИП Савельева А.Ф.;Савельева;Акулина;Феоктистович;NO
48a4af11-2f7a-4772-b925-8936370eedd3;Турова Казимир Максимовна;Турова;Казимир;Максимовна;NO
aa7ef160-e153-4b9e-9706-fc8e6e54384e;ИП Петрова Г.С.;Петрова;Глеб;Сергеевна;NO
0c52962a-8a0c-4b3e-9305-cff1067b340b;Терентьева Амос Анатольевна;Терентьева;Амос;Анатольевна;NO
c265ebbe-7c3c-4efe-8acd-d01da1580cd7;Максимов Ольга Максимовна;Максимов;Ольга;Максимовна;NO
7f3dbe2b-0bde-4159-880b-ba9985095073;Вишнякова А. И.;Вишнякова;Амвросий;Игнатьевич;NO
17050157-836b-4e43-b653-3f9795fc5fef;Котова Рубен Натановна;Котова;Рубен;Натановна;NO
a4d65587-23ca-4f7a-ac9a-0b40973b4b93;Селиверстова К. А.;Селиверстова;Кондрат;Антипович;NO
ff674314-6579-4ed3-a35e-420889e59ff2;Смирнов Борислав Виленович;Смирнов;Борислав;Виленович;NO
6b0cd4a5-7d5b-4b98-9df1-66bd57fe08af;ИП Бобров П.Ф.;Бобров;Панкратий;Фокич;NO
4d65b076-2a54-4109-8986-035e6b6bc9c2;ИП Куликова А.А.;Куликова;Антип;Аскольдовна;NO
d3f01583-1cb6-459b-89b6-c2914366150a;Лобанов Аристарх Максимовна;Лобанов;Аристарх;Максимовна;NO
eea2c091-d076-4ed0-b3cf-1ee9fac37d21;Лобанов Аристарх Максимовна;Лобанов;Аристарх;Максимовна;NO
2a24b16e-f52c-48c4-afb7-6be43d0102c9;Русаков В. Ф.;Русаков;Варлаам;Фокич;NO
e3b51a01-50c2-462b-96e8-2cba1d53d6fb;Мельников Кондрат Феофанович;Мельников;Кондрат;Феофанович;NO
03e81bf4-f9e7-45b1-ad37-1630157e405c;Субботина Э. Да;Субботина;Эмилия;Давидович;NO
585437f0-a541-4458-992a-a91c1c3879cf;Кулаков Виссарион Ерофеевич;Кулаков;Виссарион;Ерофеевич;NO
57c10723-9f73-4c44-8135-dcf0c20f14a5;ИП Копылова Ф.М.;Копылова;Филимон;Макаровна;NO
3be96498-7492-4635-8333-c1ee8e4eb3e7;Лукина Сила Ефимовна;Лукина;Сила;Ефимовна;NO
175e0664-17dc-48af-a30f-8425287f767d;Буров П. Ж.;Буров;Панкратий;Жанович;NO
0c610d27-f412-4015-9268-8adc4d70f695;Поляков Владлен Иосипович;Плляков;Владлен;Иосипович;NO
e56a6a59-24be-4270-8dc6-ed20c588d4a8;Артемьева Тарас Геннадиевна;Артемьева;Тарас;Геннадиевна;NO
5cf0d246-e0c0-42ed-81fc-abb0387f3706;ИП Николаев О.В.;Николаев;Ольра;Валерианович;NO
ba29fbdf-75ed-465c-a8af-5cffb1fb435e;Вишнякова Сила Алексеевна;Вишнякова;Сила;Алексеевна;NO
abd75abb-bba2-48a5-b7f2-92712c659b88;Щукин Харитон Юльевич;Щукин;Харитон;Юльевич;NO
9b04d65d-6df1-42c4-8a80-402b742afbc3;Данилова Юлия Сергеевна;Данилова;Юлия;Сергеевна;NO
27fdbe1d-607d-4b33-937c-638c349d75b4;ИП Моисеева Г.А.;Моисеева;Глеб;Арсенович;NO
273fd9be-43f1-4b11-9927-02557afdac73;Мишина Илья Леонидовна;Мишина;Илья;Леонидовна;NO
54277dae-1726-4fe8-b91c-5f0d18e43374;ИП Юдин В.Ф.;Юдин;чиктор;Федоровна;NO
b306f56a-63ca-4b5f-b4bc-ee368b72e21f;Силина Лукия Афанасьевич;Силина;Лукия;Афанасьевич;NO
910fba62-1881-4166-bc3b-2bb289c235ee;Константинов Ян Алексеевна;Константинов;Ян;Алексеевна;NO
76b33d36-c5d4-4e80-a3e2-a15b91dee812;Мельников Сильвестр Трифонович;Мельников;Сильвестр;Трифонович;NO
81428548-9e24-47be-b66d-b8d06bac0447;Тихонова Гаврила Архиповна;Тибонова;Гаврила;Архиповна;NO
2c7d59ee-9beb-4f87-ab01-5203d1c51e46;Турова Аникита Архиповна;Турова;Аникита;Архиповна;NO
7843dd18-8db1-4161-ae08-61f39ceb40a7;ИП Воробьев К.В.;Воробьев;Кондратий;Владимировна;NO
7d80aba7-acdd-4733-afd5-79ec757f06ca;ИП Полякова Л.А.;Полякова;Лариса;Алексеевич;NO
1c1637c7-eb8a-4542-b227-271ee57e7ce6;Мельникова Аникита Харламович;Мельникова;Аникита;Харламович;NO
f9ef8190-088c-4313-9c5c-b356f257f5c1;Турова Аристарх Ерофеевич;Турова;Аристарх;Ерофеевич;NO
4d06a348-a0a4-436e-b187-726f0fea205b;Брагина Пимен Геннадьевна;Брагина;Пимен;Геннадьевна;NO
6b28cf10-6e12-4138-8ef5-396fdc8fe355;ИП Васильев С.В.;Васильев;Спиридан;Валерианович;NO
0cd332c8-f3a3-4750-9d34-d6275eed195e;Рыбакова Е. Г.;Рыбакова;Еремей;Геннадьевна;NO
befa1f65-50e8-4461-ae57-caeb16dacce3;Иванова Анисим Александрович;Иванова;Анисим;Александрович;NO
0b5104c1-11ed-49ac-848e-694b6939aeca;Мамонтова Амос Федотович;Мамонтова;Амос;Федотович;NO
32ae203c-74d9-45f1-b490-86fac04f31a3;Смирнов Фёкла Макаровна;Смифнов;Фёкла;Макаровна;NO
2af99d01-5820-4e23-a2fe-a553643296f7;Мельникова Дмитрий Аскольдовна;Мельникова;Дмитрий;Аскольдовна;NO
987ede1b-1f31-48dd-bf7d-d01cb75bffdb;Щербаков Аникита Фокич;Щербаков;Аникита;Фокич;YES
09bc06d0-3e0b-4835-b451-d56f0bcdd5d1;ИП Медведева Х.В.;Медоедева;Харитон;Власович;NO
6056ddee-ca67-47ae-9cf4-47f31296ddc7;Лебедев Ольга Захарьевич;Лебедев;Ольга;Захарьевич;NO
7a1a1989-04f7-410f-b6f4-1d1b437871fe;Щукин Эмилия Геннадьевна;Щукин;Эмилия;Геннадьевна;NO
c1b69c3d-c856-4e30-99a1-592da6b000ce;Васильева Кирилл Иосипович;Васильева;Кирилл;Иосипович;NO
7b09ad36-6cfc-4a01-ba6a-f7ff27d3017e;Кудряшова Владлен Болеславовна;Кудряшова;Владлен;Болеславовна;NO
dfaaaecd-9e8e-47d0-914e-8694947d0f12;Куликова Кирилл Вадимовна;Куликова;Кирилл;Вадимовна;NO
9e7a1656-db8f-4c78-ba4d-2f37806b98a4;Иванова Эмилия Августович;Иванова;Эмилия;Августович;YES
68bf6950-66a0-4a1d-8f37-a34a9631ab84;Иванова Эмилия Августович;Иванова;Эмилия;Августович;YES
42cb003f-aa5a-4864-a96c-f36dfaa29b53;Полякова Чеслав Федотович;Полякова;Чеслав;Федотович;NO
4b2a3ffd-5608-4125-b7b9-fb9a865e4385;Копылова Юлия Жанович;Копылова;Юлия;Жанович;NO
c6315cb7-d7a6-4e43-8b29-cf97a66cf01d;Константинов Анисим Афанасьевич;Константинов;Анисим;Афанасьевич;NO
2f56f841-61f9-4329-8824-353cbeb848ee;Кузьмина О. А.;Кузьмина;Остап;Августович;NO
a073a8af-843d-4c79-8f7f-a40fb293ded0;Комаров Ипполит Эдуардовна;Комаров;Ипполит;Эдуардовна;NO
ba8dbe9f-e874-4156-887e-2fd3d4b39ee0;Рыбакова Вера Аверьянович;Рыбакова;Вера;Аверьянович;NO
15d02fed-65c0-4cec-a8d7-7bd9db3c0c65;Носова Орест Эдуардовна;Носова;Орест;Эдуардовна;NO
0c3eeb44-56ec-4af2-8d08-066ad0184ec0;Громов Тарас Харлампьевич;Громов;Тарас;Хпрлампьевич;NO
14c6c82c-78c2-438d-94f1-5fd046b9878d;Жукова Федор Вадимовна;Жукова;Федор;Вадимовна;NO
a95762e0-d678-4b30-97ee-2e68b52f9936;Гордеева Харитон анатольевич;Гордеева;Харитин;Анатольевич;YES
6398290a-4de3-43a5-a3f6-b0a3446afa96;Щербаков Р. Н.;Щербаков;Ратмир;Натановна;NO
68af8c9a-a13a-4ed2-81e6-6b091894b68e;Комиссарова Эмилия Аверьянович;Комиссарова;Эмилия;Аверьянович;NO
fd66e251-1ae9-4ff5-ac04-e268077a93d7;Веселова Творимир Архиповна;Веселова;Творимир;Архиповна;NO
0f89ccef-9ea9-4a44-be78-407bd55697ce;Исаев Сила Захарьевич;Исаев;Сила;Захарьевич;NO
d677fdfd-baca-4644-9527-9bd50f8d2e9f;Алексеев Л. Т.;Алексеев;Лариса;Трифонович;NO
bd8c89ec-e42a-47a3-8b53-7526cc7cc626;Самойлов Порфирий Владленович;Самойлов;Порфирий;Владленович;NO
30ceaeaa-3984-4338-acda-5a815ba85172;Комаров Кондрат Сергеевна;Комаров;Кондрат;Сергеевна;NO
45d46283-6a5e-4ddb-a4b3-bf4faf6d648e;Лыткина А. Х.;Лыскина;Амвросий;Харламогич;NO
48c8ae4c-5cfb-451f-9f10-fe3cb1b23b78;Брагина Мокей Фёдорович;Брагина;Мокей;Фёдорович;NO
4a2e6acb-c21c-4e6d-9f6c-2b03e2da46ef;Белякова Никифор Власович;Белякова;Никифор;Власович;NO
7f5b3c2b-d82f-4572-b335-8651dbcd2cb7;Константинов Ю. Ф.;Константинов;Юлия;Федотович;NO
ecfb0a9b-be5c-4cc0-bd64-0b929780d3bc;Наумова О. З.;Наумова;шрест;Захарьевич;NO
1cf3a02b-5bbe-407d-99b3-20f3f19ea53e;Мамонтов Ипат Геннадьевна;Мамонтов;Ипат;Геннадьевна;NO
ff6b51cb-a788-40af-bc24-0bc80e27576b;Фролова Панкратий Харламович;Фролова;Панкратий;Харламович;NO
3fbc2d34-9746-4c0f-a76c-eaa24f782b71;Соловьев Эммануил Глебович;Соловьев;Эммануил;Глебович;NO
94f63787-3ee2-412e-9ba4-4c4d04c3cda7;Наумова Д. Е.;Наумова;Дементий;Ермолаевич;NO
647b698b-1d4f-4f2f-8a4d-6e4d98fc5dfc;Вишнякова Чеслав Афанасьевна;Вишнякова;Чеслав;Афанасьевна;NO
7cf5781f-281b-4b7e-922b-9f0daec40bfd;Колесников Ульяна Давидович;Колесников;Ульяна;Давидович;NO
97d51c67-7f75-40d5-beaf-6493571fffd9;Владимиров Артем Архиповна;Владимиров;Артем;Архиповна;NO
ddcb4f0a-f1e1-4d81-8ce3-aec87aca53f0;ИП Громов Д.Х.;Громов;Дементий;Харлампьевич;NO
2a6ecf19-30d5-44b2-aba0-42e9a4c78b6c;Лобанов Э. А.;Лобанов;Эмилия;Алексеевич;NO
6ab3ca69-4c5c-405e-830a-8609470c8048;Ермаков Тарас Вадимовна;Ермаков;Тарас;Вадимовна;YES
cdd286af-dc68-487e-936b-7096cb108e0e;Гуляев Виктор Вадимовна;Гуляев;Виктор;Вадимовна;NO
0414836c-a67e-479f-901a-d9fff16fc76b;Ермаков Юлия Алексеевна;Ермаков;Юлия;Алексеевна;NO
8263bf14-1158-40db-8ff9-d88770400a90;Муравьев Федор Харлампьевич;Муравьев;Федор;Харлампьевич;NO
96e6dbc8-9272-409d-ae0b-093a6ef5d054;Копылова И. А.;Копылова;Ипат;Александрович;NO
b5472d2d-f9fe-4e9e-baf8-06c18f2285b8;ИП Жукова Э.Д.;Жукова;Эмилия;йавидович;NO
d1a8bd0c-b209-4dd2-ae14-a2766b7cf787;ИП КорниловашЛ.Э.;Корнилова;Лонгин;Эдуардовна;NO
2ca640b3-1e5b-4859-8a82-830fcd9ce2bc;Юдин Ульян Макаровна;Юдин;Ульян;Макаровна;NO
4277b4fd-56b7-432f-89a3-6851c88f1e90;ИП Петухова А.В.;Петухова;Антип;Викторовна;NO
20876de9-4884-4bf3-8909-487b19cad339;Колесников Ю. А.;лолесников;Юлия;Антоновна;NO
89e6a3b4-9e66-4794-b7cb-fd9ce6d81972;Дементьева С. Ф.;Дементьева;Соломон;Феоктистович;NO
c20e3d69-2fca-4b77-a5ea-f2b7ea690b17;Щербаков Ульяна Игнатьевич;Щербаков;йльяна;Игнатьевич;NO
612b7f94-07c6-4e47-8910-76b31bf8ebeb;Мясникова Борислав Феофанович;Мясникова;Борислав;Феофанович;YES
3fc1604f-e328-49e8-afc5-f9095b5fd0e4;Веселова К. Е.;Веселова;Кузьма;Ефимовна;NO
fd9e257f-6222-48b4-a4f1-d969f4e7ae6d;Щукин Юлия Натановна;Щукин;Юлия;Натановна;NO
49a37ab9-ae53-4807-aff1-9dc813d4b7a3;Комиссарова Ф. Е.;Комиссарова;Фома;Ермолаевич;NO
c740532d-ef07-4895-8282-cb4141ecedcf;Исаев С. Ф.;Исаев;Сила;Федоровна;NO
57514b8d-f5e6-4826-9655-76b326cbdaa4;Николаев Чеслав Александровна;Николаев;Чеслав;Александровна;NO
90931d98-bfb0-4342-b666-182266fb05fc;Бобров Эмилия Адрианович;Бобров;Эмилия;Адрианович;NO
b0772f79-26e2-4d46-8a9c-587f3e7c2339;Аксенова У. Ф.;Аксенова;Ульян;Фокич;NO
f6a5f85c-40f2-4e2d-a03a-c547b60995d5;Максимова Остап Геннадьевна;Максимова;Остап;Геннадьевна;NO
844a12af-9857-4746-b3dc-8e13e5011779;Мамонтов Б. Д.;Мамонтов;Борислав;Данилович;NO
0d22d542-968d-4048-ae18-cffdc5264682;ИП Филиппов Г.Г.;Филиппов;Георгий;Геннадьевна;NO
c406e90a-b293-4d05-b468-18dd82028536;Данилова Эмилия Сергеевна;Данилова;Эмилия;Сергеевна;NO
482c73cc-ab52-4f60-81e1-5560faf789ff;Шарапова Т. В.;Лобанов;Илья;Игнатьевич;NO
11a51f96-2eba-4f98-8f29-846c5c0e8180;Шарапова Т. В.;Шарапова;Тарас;Валерианович;NO
d0c10a2d-c54c-4440-b1a7-ce5bb691bafa;Наумова Фортунат Ильясович;Наумова;Фортунат;Ильясович;NO
038df08d-e5ed-47ed-9650-70c367c6ea1c;ИП Тихонова Ю.А.;Тихонова;Юлия;Александвовна;NO
5bd2714e-8c16-4c17-9ca8-1678faebc59c;Козлов Аникита Архиповна;Козлов;Аникита;Архиповна;NO
88a6bf0e-8381-49c3-a7c8-fe1d008f8823;Устинов А. Ф.;Устинов;Анисим;Феоктистович;NO
b99d3dc7-276a-471e-9e87-44209eb54707;Доронина Фёкла Эдуардовна;Доронина;Фёкла;Эдуардовна;NO
026161bc-e9ad-43a0-8773-162ad25658d7;Филиппов Творимир Болеславовна;Филиппов;Творимир;Болеславовна;YES
492ddacd-634a-459e-a034-11fd41735f44;Ермаков Дмитрий Фокич;Ермаков;Дмитрий;Фокич;NO
1cfd3f54-7bc7-4d60-b306-c5facaf20ec1;Поляков Арефий Трифонович;Поляков;Арефий;Трифонович;NO
9a311034-7891-45cc-84e4-28c4613e6559;Лихачева П. А.;Лихачева;Пров;Адрианович;NO
2322dbf5-733e-4b6f-acdc-74303b3b0178;Ермаков Лариса Афанасьевич;Ермаков;Лариса;Афанасьевич;NO
e642149b-9397-428b-ad69-dddc28ceaa55;Константинов С. Г.;Ккнстантинов;Савватий;Геннадьевна;NO
26f6e2e6-b06e-4499-8096-5c0de29b933c;Доронина Пимен Фокич;Добонина;Пимен;Фокич;NO
c1eb58ac-17c2-4016-adc6-dbd626e04679;ИП Щербаков С.Ю.;Щербаков;Спиридон;Юльевич;NO
733d1fca-2b17-4609-b17c-bd7bf8bef5fb;Журавлев Харитон Архиповна;Журавлев;Харитон;Архиповна;NO
8af642dd-c889-4866-895e-bb8e651d5aa7;Журавлев Харитон Архиповна;Журавлев;Харитон;Архиповна;NO
d9b39e42-768e-4d86-9d20-10d6db4acd35;Вишняков Орест Фокич;Вишняков;Орест;Фокич;NO
5a632602-0052-4989-a015-f1ce3172588d;Устинов Харитон Валерианович;Устинов;Харитон;Валерианович;NO
becb271c-e6ce-40bd-9970-934ca5af66c5;Устинов Харитон Валерианович;Устинов;Харитон;Валерианович;NO
449b55af-b518-4e26-9bfc-b88b6de1883f;Константинов Аникита Натановна;Константинов;Аникита;Натановна;NO
d3b86b43-8a7a-49ff-8fa2-40cbed7d2373;Васильева Дмитрий Александрович;Васильева;Дмитрий;Алексаншрович;NO
92ba6d10-985a-4ab6-851f-bb8319e189ff;Кулаков Юлия Эдуардовна;Кулаков;Юлия;Эдуардовна;NO
2c980f99-6c97-49d0-a1c0-31bce45e0eca;Мельников Пров Максимовна;Мельников;Пров;Максимовна;NO
ded0535b-abe2-45f0-a372-2ee757c8b77f;Терентьева Пантелеймон Брониславович;Терентьева;Пантелеймон;Брониславович;NO
af52b802-b599-4f6a-b755-6623a439aefc;Полякова Поликарп Эдуардовна;Полякова;Поликарп;Эдуардовна;NO
09056c5d-bcf0-45e3-9402-24dd749f759e;Пестова Юлия Аверьянович;Пестова;Юлия;Аверьянович;NO
c330f8af-6e04-4f38-bc95-74048ff5463c;Вишняков Изот Ермолаевич;Вишняков;Изхт;Ермолаевич;NO
17b8eb2f-682e-41ae-806a-0f5d47e82b73;Соловьев Евдоким Геннадиевна;Корнилова;Дементий;Ерофеевич;NO
efad7e7d-0845-46a9-a63a-13f19f4f612b;Соловьев Евдоким Геннадиевна;Соловьев;Евдоким;Геннадиевна;NO
7ce6a26a-c6df-4ae9-9859-94733e9e3c9c;Колобов Ольга Богданович;Колобов;Ольга;Богданович;NO
fad6db06-32b9-4a4a-a8d4-3a30af1ead77;Мельников Лонгин Викторовна;Мельников;Лонгин;Викторовна;NO
5e0ca7c9-af91-4581-89b6-4426c37822b1;Гущин Арефий Харламович;Гущин;Азефий;Харламович;NO
397e0fe3-485f-4d02-8ef2-f040f9b62c16;ИП Громов Ч.А.;Громов;Чеслав;Афанасьевна;NO
160337dd-b4ed-4c28-8cb8-7232cbb22791;Полякова Арефий Ефимовна;Полякова;Арефий;Ефимовна;NO
01fee6f5-3f07-4762-baa9-ca33a54fdc48;Константинов Никифор Трифонович;Константинов;Никнфор;Трифонович;NO
7761b49b-a3f0-4f05-975c-02429c17a1c1;ИП Мельников Э.Т.;Мельникчв;Эмилия;Трифонович;NO
b2f2d9e9-2726-4676-9e2b-ae2f289a190e;Смирнов Мокей Харлампьевич;Смирнов;Мокей;Харлампьевич;NO
0461bf57-6bab-42fd-bcf8-3fe6e40fc492;Самойлов С. Д.;Самойлов;Савелий;Давидович;NO
60e843ed-ca2b-42a2-b3d1-b56fb3169be0;ИП Юдим П.Э.;Мамонтов;Сильвестр;Макаровна;NO
0520a21a-2d22-4edd-bc49-f489b7922d13;ИП Юдим П.Э.;Юдин;Поликарп;Эдуардовна;NO
89d0a5ec-07d6-4507-a5c0-a5da2ae8c21f;Голубева Г. Э.;Голубева;Георгий;Эдуардовнк;NO
575a2570-ce02-474c-8c2d-e285a3f9a393;Жукова В. И.;Жукова;Вера;Игнатьевич;NO
914cea86-cfcd-446f-8635-e2e6858a4bbd;Мельников Савватий Антонович;Мельников;Савватий;Антонович;NO
0fe936a7-09ba-4bb5-b5c3-bc03899e4f71;ИП Полякова В.А.;Полякова;Вера;Арсеньевич;NO
8982ca12-bd47-4e41-8c1f-78c9567c0630;ИП Моисеева Л.Г.;Моисеева;Лукия;Григорьевич;NO
0a2a87fb-deea-4d45-bece-ebc5cea87210;Селиверстова В. Б.;Селиверстова;Варлаам;Болеславовна;NO
3eb79b55-e2ee-4924-ad92-5255c39ac39b;ИП Колобов Я.Б.;Колобов;Ян;Болеславовна;NO
52ddb2e2-aa40-424c-b930-01d342cdb4e1;Исакова Фортунат Изотович;Исакова;Фортунат;Изотович;NO
262000f1-a531-49a4-848c-462e660e1da8;Брагина Борислав Данилович;Брагина;Борислав;Данилович;NO
4bd036bf-4339-4af2-99a3-a99711b8aac2;Журавлев Георгий Антоновна;Журавлев;Георгий;Антоновна;NO
e9a9ce6b-1620-42af-ac1c-7193fe6ad2bf;ИП Лебедев Г.И.;Лебедев;Глеб;Изотович;NO
7926a4d6-a06c-4ce0-b7b5-3db53a690174;ИП Рыбакова П.Я.;Рыбакова;фров;Яковлевич;NO
b63e6af5-7828-4e62-b074-3118e59f33b4;Ермаков Фортунат Афанасьевна;Ермаков;Фортунат;Афанасьевна;NO
9472b2bf-a14f-4677-9393-fc35e62c2ceb;Кузьмина Виталий Брониславович;Кузьмина;Виталий;Брониславович;NO
827858d1-25ce-4124-8a27-b81e9784fce7;ИП Носова Э.М.;Носова;Эммануил;Макаровна;NO
595f59fe-824b-40e3-9413-99696910db97;ИП Лихачева А.Я.;Лихачева;Амос;Яковлевич;NO
92b8b291-ba91-43bf-84f3-239fa79b4391;Субботина Э. Ф.;Субботина;Эммануил;Фокич;NO
775a041d-8ff2-4dbc-a9b4-723c4335bd49;Муравьев Аристарх Макаровна;Муравьев;Аристарх;Макаровна;NO
8043d255-251d-43e0-b586-287e4f01aa25;Одинцов Изот Еремеевич;Одинцов;Изот;Еремеевич;NO
77813628-5b55-4098-ab67-7e256f5cff28;Гуляев Гаврила Ярославович;Гуляев;Гаврила;Ярославович;NO
1ec0cb71-c84d-469d-a9f9-940e637875bf;Журавлев Соломон Владленович;Журавлев;Соломон;Владленович;NO
9a17b392-380c-4d22-be3e-20451e35fa19;Соловьев Мокей Болеславовна;Соловьев;Мокей;Болеславовна;NO
8501f3dd-3eac-4768-9ed5-6708fd59d20e;Одинцов Орест Анатольевна;Одинцов;Орест;Анатольевна;NO
c2b434f7-9fbf-4bf1-90e4-b005027ef120;ИП Вишнякова П.Е.;Вишнякова;Порфирий;Еремеевич;NO
837057f2-0c96-47bd-bd6a-5411e8123f0f;Артемьева Пимен Аверьянович;Артемьева;Пимен;Аверьянович;NO
ae6a9537-99b7-4866-8504-4ed9a68c57d9;Пономарева Гаврила Харламович;Устинов;Анисим;Макаровна;NO
18b8d19c-2d94-49d7-812e-7d35c3ba2153;Пономарева Гаврила Харламович;Пономарева;Гаврила;Харламович;NO
ecc6c55c-fd15-442d-a1d8-971e1e062719;Терентьева Лукия Марсович;Терентьева;Лукия;Марсович;NO
ac1aa2c7-8c30-4425-a6d0-53015e3c945e;Буров Пимен Федоровна;Буров;Пимен;Федоровна;NO
b23311e3-2e4c-40fa-a3f7-3b41f5a23614;Поляков И. А.;Поляков;Ипполит;Арсенович;NO
b0f3f6b9-5dc1-4cb1-b6f4-785b181470ee;Иванова К. Я.;Иванова;Карп;Ярославович;NO
69479592-cf2d-4006-938f-a8b12766737e;Титова Сильвестр Арсенович;Титова;Сильвестр;Арсенович;NO
58009130-142c-4aae-b1a6-c4e5de01e880;ИП Куликова Г.А.;Куликова;Гаврила;Анатольевич;NO
06dbff07-f9c9-49b2-afbb-f6d08428240e;Вишнякова Сильвестр Арсенович;Вишнякова;Сильвестр;Арсенович;NO
da964ca9-8a2d-4f63-b9b6-70b90db1102b;Вишнякова Сильвестр Арсенович;Вишнякова;Сильвестр;Арсенович;NO
ad1da4ce-b724-48e4-9cee-169e7c2d423f;Самойлов Т. Ф.;Самойлов;Творимир;Федоровна;NO
8e7d8944-bb0e-4f12-8d13-a2b09a83bd50;Максимов Фёкла Фокич;Максимов;Фёкла;Фокич;NO
66bfb978-9449-4f2a-949f-e19bd0499c44;ИП Исакова Я.С.;Исакова;Ян;Сергеевна;NO
6be7de0f-e510-44eb-bf56-bb960dad2788;Максимов М. Б.;Максимов;Мариан;Брониславович;NO
dac826a2-5e43-49a6-87e8-1fbcdeee7aed;Константинов Эмилия Фокич;Константинов;Эмилия;Фокич;NO
e9139f33-28f3-488b-bc78-959dfcef02ad;Константинов Регина Захарьевич;Константинов;Регина;Закарьевич;NO
ed52d5ca-f994-4bf1-8d57-4e1750085f81;Константинов Регина Захарьевич;Константинов;Регина;Закарьевич;NO
c0d528de-5ec2-4b84-8d6f-1805ff936cc3;Третьяков Фортунат Власович;Третьяков;Фортунат;Власович;NO
9f7afe57-b55f-4df6-b510-e9aa693ff76a;Одинцов Рубен Иосипович;Одинцов;Рубен;Иосипович;NO
6f68d0ed-662c-4a20-9aaf-b95297ddf5f3;Гуляев Мариан Алексеевич;Гуляев;Мариан;Алексеевич;NO
908479d1-5d5e-4db8-b1d5-2ac9d22571ef;ИП Гордеева В.И.;Гордеева;Вера;Иосипович;NO
ba8768f1-95dd-416d-8dd2-938a2d1ec98f;Мамонтова Вера Трифонович;Мамонтова;Вера;Трифонович;NO
cf92cdc1-47eb-4551-bbd4-f805efe91f36;Матвеева Терентий Фокич;Матвеева;Терентий;Фокич;NO
530ffb82-cf59-43f9-8cc9-c177ccce09d1;Вишнякова Кирилл Владимировна;Вишнякова;Кирилл;Владимировна;YES
7d59b329-0f96-4b39-8aee-578456b1353c;Доронина В. З.;Доронина;Владлен;Захарьевич;NO
f8b3ac85-38d3-4bc1-b023-71ec4e7baa8d;Доронина В. З.;Доронина;Владлен;Захарьевич;NO
8b4a9c77-b508-4ea6-b112-c50731ea1a7f;Щукин Поликарп Арсеньевич;Щукин;Поликарп;Арсеньевич;NO
a6271341-e1a7-49b1-98cc-4fd0d52d5052;Брагина Вера Арсеньевич;Брагина;Вера;Арсеньевич;YES
00a2d8a5-cd02-4f03-a214-7103ce8e4ed6;Ермаков Мариан Анатольевич;Ермаков;Мариан;Анатольевич;NO
ec51789e-2d0e-4d97-92bf-e9bb10b37a60;Лыткина Ф. Г.;Лыткина;Флорентин;Георгиевна;NO
9a735c45-c6db-4295-8531-1a52594ec226;Гущин Ч. Ф.;Гущин;Чеслав;Филиппович;NO
64f59470-4593-4230-b5ae-dd8a8a2b5912;Лихачева Виктория Викторовна;Лихачева;Виктория;Викторовна;NO
897c071a-cbb1-45e8-9df2-80653973a4b7;Комиссаров А. Ф.;Комиссаров;Аникита;Феоктистович;NO
ff771ede-f49b-4529-b813-f3d888a8d3c1;Лыткина Якуб Анатольевич;Лыткина;Якуб;Анатольевич;NO
1d5b7698-f1e5-4b84-8231-cb4ac94a1a64;Соловьев М. З.;Соловьев;Марина;Захарьевич;NO
6a824eab-e4d5-421f-b076-5077e45a93ac;Соловьев М. З.;Соловьев;Марина;Захарьевич;NO
9eeb9e88-6dff-4462-b0e6-001d3205acf8;Николаев Савелий Харлампьевич;Николаев;Савелин;Харлампьевич;NO
49230459-6930-4dfd-8f74-3f398542ac86;Субботина Г. Ф.;Субботина;Гаврила;Фокич;NO
6de69d32-27f7-4024-bd21-6d84a130363b;Васильев Лонгин Августович;Васильев;Лонгин;Августович;NO
ff39aeea-2ca7-483d-b9e2-773b03a4b172;Николаев Чеслав Трифонович;Николаев;Чеслав;Трифонович;NO
6e5997f0-4577-4127-8fd6-4f6a2962117e;Жукова Лукия Макаровна;Жукова;Лукия;Макаровна;NO
0b8f7214-fb4c-48e6-bef3-dc0d935e240a;Голубева Сила Августович;Голубева;Сила;Августович;NO
eb37417e-2f47-40be-bf2c-6ffec0901556;Иванова В. В.;Иванова;Виктория;Виленович;NO
46ff0647-ca51-428d-b7fa-28fd23a0af42;ИП Константинов П.М.;Константинов;Поликарп;Матвеевна;NO
b70c2c22-c105-4888-a4f7-2a2d1ca57f33;ИП Константинов П.М.;Константинов;Поликарп;Матвеевна;NO
cc8fc695-0d29-4d33-8c4d-136db55b9555;ИП Мельникова П.М.;Мельникова;Платон;Макаровна;NO
564906d2-91e1-455f-a624-862727437344;Щукин Регина Болеславовна;Щукин;Регина;Болеславовна;NO
1a32b98c-2d9f-424c-a193-14c5fd7ac4e6;Щукин Регина Болеславовна;Щукин;Регина;Болеславовна;NO
09d9ddb4-802d-476b-9e59-b06564393db3;Моисеева Дмитрий Августович;Моисеева;Дмитрий;Августович;NO
7ef3e08f-2841-4b25-9883-cb40942eedf1;Филиппов А. Ю.;Филиппов;Антип;Юльевич;NO
a491d750-ae5f-4a49-b1c3-7a564c16c8e5;Щербаков Орест Игнатьевич;Щербаков;Орест;Игнатьевич;NO
ed3692f1-2a31-41cd-9f65-61cca0b9b3ff;ИП Субботина И.Ф.;Субботина;Ипат;Фокич;NO
3488eb92-216a-482c-87b8-9308301d9c1e;Силина Марина Георгиевна;Силина;Марина;Георгиевна;NO
66277a13-3b2a-4448-9f31-eac3e2888aa7;Силина Марина Георгиевна;Силина;Марина;Георгиевна;NO
fd2e147b-dc3e-4fe6-ad4c-9d7ee25d1f6a;ИП Гуляев Т.Н.;Гуляев;Творимир;Николаевна;NO
65916315-e832-4b33-aad1-24cea22fea26;ИП Жукова И.В.;Жукова;Ипполит;Валерианович;NO
70f5914d-a3bb-4541-ab6a-e6d5c6a35c0f;ИП Белякова А.А.;Белякова;Артем;Анатольевич;NO
fcf47841-045e-459e-b3a6-09918c4b451c;Турова Феврония Марсович;Турова;Феврония;Марсович;NO
e622f824-c7ff-474d-93ab-1ec355e5aef8;Носов Дементий Фролович;Носов;Дементий;Фролович;NO
27e7824e-faea-4bd9-811a-bbd4965d9ae6;Самойлов М. Х.;Самойлов;Мокей;Харламович;NO
f7c3e3bd-5281-46f3-9d3a-4922ecf54da0;Доронина Аникита Архиповна;Доронина;Аникита;Архиповна;NO
aeda60c0-2220-4ef1-bfc8-3b278b22a85f;маслов Мокей Игнатьевич;Маслов;Мокей;Игнатьевич;YES
f47e9f91-a07e-4202-bb42-db662f23a508;Журавлев Сильвестр Анатольевич;Журавлев;Сильвестр;Анатольевич;NO
e5918445-fe8d-40d9-98a5-b7a714d51464;Тихонова С. Ф.;Тихонова;Сильвестр;Фокич;NO
d63ed0f0-278b-4368-a9a8-cb9ae6a63ba1;ИП Юдин Р.К.;Юдин;Ратмир;Кузьминична;NO
985e93ca-8f0d-41f2-b203-4d6cf885fd9a;Шарапова Евдоким Фокич;Шарапова;Евдоким;Фокич;NO
f3de2f09-0ef7-4722-82ef-e438e508b2fe;ИП Комиссаров П.Е.;Комиссаров;Пантелеймон;Ермолаевич;NO
ca7a0fe9-06ae-41a3-8a89-f0670ad5918c;Самойлов Владлен Аркадьевна;Самойлов;Владлен;Аркадьевна;NO
cf802841-a543-40e6-9574-c98cf9856a50;Шарапова Мокей Данилович;Шарапова;Мокей;Данилович;NO
dfbbfd18-affb-4d51-ae7a-91cbdc3ed574;ИП Доронина К.А.;Доронина;Клавдия;Анатольевич;NO
99f8afc7-d53e-4753-8a79-2242b46cb020;Матвеева Рубен Яковлевич;Матвеева;Рубен;Яковлевич;NO
b3d90192-6ea7-411d-bdf1-63c5cc77eb6b;Наумова Виталий Архиповна;Наумова;Виталий;Архиповна;NO
b335b82f-b3d1-49ad-b713-7ec3ca951eea;Рогов Д. А.;Рогов;Дарья;Анатольевич;NO
4adb8b92-9ae6-4163-bb2a-421cba141532;Белякова Э. Ж.;Белякова;Эмилия;Жанович;NO
dfaa8534-76bc-4a24-b054-f36ca0c5a7dd;Громов Валерий Сергеевна;Громов;Валерий;Сергеевна;YES
4c7fe649-d3fd-4d21-9334-c23b24e6861d;Пестова Э. А.;Пестова;Эмилия;Анатольевич;NO
b2527eb2-f95f-494f-b00a-92afeb385b62;Вишнякова Эмилия Николаевна;Вишнякова;Эмилия;Николаевна;NO
edf12830-f11d-472b-bbdd-237f4bf10bbb;ИП Вишняков П.А.;Вишняков;Панкратий;Алексеевна;NO
c131c704-39e3-43e1-ae3a-ab57f0e69523;ИП Исакова К.Б.;Исакова;Казимир;Болеславовна;NO
69e67a7a-bd4b-4ff8-9c72-71304175f15c;Медведева Федосий Ярославович;Медведева;Федосий;Ярославович;NO
2496cb79-4fce-49dd-9ab3-3cf0c4f6c608;Савельева Я. Ф.;Савельева;Ян;Феоктистович;NO
f2a9a504-344b-4739-808e-e55f4a964306;Самойлов Регина Александрович;Самойлов;Регина;Алексафдрович;NO
8dc0199a-d9b2-4ab8-9542-9e6f293e52da;Дементьева Г. Е.;Дементьева;Георгий;Ерофеевич;YES
59e70844-2f8d-4e86-b3d4-f3ca97b37dea;Исакова Марина Иосипович;Исакова;Марина;Иосипович;NO
e89e87d9-c586-4d27-b079-3a4ef498a878;Исакова Марина Иосипович;Исакова;Марина;Иосипович;NO
936f57a7-a507-40e0-80a4-e20b2bef2391;Колобов Федор Анатольевич;лолобов;Федор;Анатольевич;NO
fc3c2c1f-5815-4e71-9da0-b63beb38d7d3;Дементьева Эмилия Глебович;Дементьева;Эмилия;Глебович;NO
ef418737-3c22-4236-adbc-8b5cce37bf43;ИП Лобанов Г.А.;Лобанов;Глеб;Августович;NO
c936df09-c827-4f37-a957-a46eb9510510;Копылова Карп Аверьянович;Копылова;Карп;Аверьянович;NO
364c5b10-3548-48ad-a192-9a82ffc3f6db;Копылова Карп Аверьянович;Копылова;Карп;Аверьянович;NO
1255a176-3e80-43f0-9bf4-7bcca48a41d8;Гришин Орест Глебович;Гришин;Орест;Глебович;NO
3f525083-fbf3-4385-ac1a-76d541a27b8d;Уваров Савватий Матвеевна;Уваров;Савватий;Матвеевна;NO
ca4fd7ec-86f8-4bac-8842-f22672156766;Кудряшова Кондратий Данилович;Кудряшова;Кондратий;Данилович;NO
ed3527eb-5677-4e8b-8474-2a6f79bff733;Кудряшова Кондратий Данилович;Кудряшова;Кондратий;Данилович;NO
32430177-447e-4ff6-8118-39f5a5fab73a;Полякова Ольга Болеславовна;Полякова;Ольга;Болеславовна;NO
7e779e9b-d8ff-4be3-8c73-a76e78eac88b;ИП Савельева Л.С.;Савельева;Лариса;Сергеевна;NO
8407bb03-897a-4e0c-be60-89016fdbbb95;Колобов Амос Трифонович;Колобов;Амос;Трифонович;NO
5406c273-f0ed-4e2b-a945-f0e349d58d91;Мишина Творимир Архиповна;Мишина;Творимин;Архиповна;NO
0b451d18-62b1-4d18-87b7-dcb4e240ff9a;Лукина И. Б.;Лукина;Ипполит;Болеславовна;NO
86518b3b-eb00-4231-96be-3dec8c07b90d;Ермаков Владлен Григорьевич;Ермаков;Владлен;Григорьевич;NO
c894f13d-daf4-41e7-ac7e-595f18216f53;Шарапова Ипполит Ермолаевич;Шарапова;Ипполит;Ермолаевич;NO
930885d5-b2d7-45ce-9084-06bda4982a08;Медведева Вера Юльевич;Медведева;Вера;Юльевич;NO
f98cd843-c569-44b6-991e-d323d8697cf7;Медведева Вера Юльевич;Медведева;Вера;Юльевич;NO
ca15d4d8-2664-4188-a8e2-e03a50e64b83;Комиссаров Изот Григорьевич;Комиссаров;Ииот;Григорьевич;NO
71186111-f632-40f9-a7ee-7ad4925a3151;Николаев В. В.;Николаев;Владлен;Владимировна;NO
c05adea9-3fb9-4737-b0fc-ca5e976d8c7a;Вишнякова С. Ж.;Вишнякова;Савелий;Жановхч;NO
03428542-5717-44a3-b32d-812a6e19c62a;ИП Кузьмина П.Г.;Кузьмина;Порфирий;Геннадьевна;NO
02eb017b-f3d6-49a9-8683-44cca7fa9c7e;Брагина Изот Владимировна;Брагина;Изот;Владимировна;NO
b1f50fce-edd5-4806-be20-3c1be697bcdf;Исаев Марина Сергеевна;Исаев;Марина;Сергеевна;YES
b9bb0ce4-28b0-4b1c-b384-0767f82f81e0;Самойлов Остап Викторовна;Самойлов;Остап;Викторовна;NO
56b5e27d-7d83-48a9-b4a0-2c2f10c7aea0;Третьяков Вера Давидович;Третьяков;Вера;Давидович;NO
f023da93-e329-41e9-8753-ec9924a4afc8;Юдин Платон Антоновна;Юдин;Платон;Антоновна;NO
cb4e9d59-7638-44df-8291-364c680378ff;Селиверстова Ульян Филиппович;Селиверстова;Ульян;Филиппович;NO
4eab7748-420a-4396-ba2e-1848e0c9483b;Селиверстова Ульян Филиппович;Селиверстова;Ульян;Филиппович;NO
21efff09-6b87-42b2-bf3c-107a7f66ed09;ИП Савельева О.М.;Савельева;Орест;Марсович;NO
2e046157-e33c-45f2-a4f5-dcc78729a991;Бобров О. А.;Бобров;Ощьга;Анатольевна;NO
95698384-cde6-4f15-89a2-529e4818a3ed;Максимова А. Х.;Максимчва;Антип;Харламович;NO
53fe10a8-eb5d-4257-a5d7-f7638abab859;Кузьмина Виктория Геннадьевна;Кузьмина;Виктория;Геннадьевна;NO
c50bae0d-2109-4078-8ba6-dfe339054edb;Фролова Гаврила Архиповна;Фролова;Гаврила;Архиповна;NO
4427e650-5a60-4f01-a468-de298b9bd775;ИП Пономарева Ф.А.;Пономарева;Фёкла;Августовуч;NO
0ed1e98e-e1a8-4323-aec0-9e1079f23a68;Комиссарова С. А.;Комиссарова;Соломон;Аркадьевна;NO
20442dce-ab6d-4ae8-b0ad-ce2be8392aa7;Лихачева Тарас Харламович;Лихачева;Тарас;Харламович;NO
694896b9-8d26-4404-8b1d-6ae6008aead1;Гришин Тарас Николаевна;Гришин;Тарас;Николаевна;NO
c9a1ccf5-4114-426f-a3ae-958b3a5d0b28;ИП Наумова А.Х.;Наумова;Аристарх;Харлампьевич;NO
150ad385-d218-4517-94ef-30d3ce4b90d8;Поляков Амос Алексеевна;Поляков;Амос;Алексеевна;NO
2bf046eb-bee6-4aea-bcb8-7be62a63cfc9;Гришин Сильвестр Данилович;Гришин;Сильвестр;Данилович;NO
990d2e89-4373-40c6-be45-f12231e50236;Савельева Соломон Тихонович;Савельева;Соломон;Тихонович;NO
a3446be3-2c48-46c9-8761-febaf3069df8;ИП Одинцов С.Г.;Одинцов;Савватий;Глебович;NO
e4d7ba98-f9c2-431f-9f2e-6fff91a90741;Корнилова М. Т.;Корнилова;Мокей;Трифонович;NO
7b03878e-e79d-4ad6-81cc-58d4046e8a9f;Буров Кирилл Матвеевна;Буров;Кирилл;Матвеевна;NO
4bb89aac-b5cf-4c1d-96d7-a2ccbc7cd9f0;ИП Смирнов Ф.И.;Смирнов;Феврония;Иосипович;NO
db7925d1-804a-4b94-97c1-5e5497a4bb80;Доронина Ян Антипович;Доронина;Ян;Антипович;NO
dd5864b3-1bd5-4fc2-b5a1-9634aaadd688;ИП Соловьев В.Я.;Соловьев;Валерий;Ярославович;NO
3823a861-f84d-4934-9a7c-76bbe0e4584e;Васильев Соломон Максимовна;Васильев;Соломон;Максимовна;NO
289189d4-d692-42c9-85a5-2c5c25e12192;ИП Соловьев Ф.В.;Соловьев;Фёкла;Васильевич;NO
f15027d3-6dc6-4cad-b253-31ca35cac9c4;Корнилова Ульяна Августович;Корнилова;Ульяна;Августович;NO
6bc3e24f-70f3-44e7-89ae-37c2a639a3c6;Максимова Федор Ярославович;Максимова;Федгр;Ярославович;NO
f2242140-9393-4f7c-afe9-a3ada0780256;ИП Моисеева П.М.;Моисеева;Пров;Максимовна;NO
09f101ae-2c1f-458c-b40f-b9bbd0779edd;Владимиров С. Н.;Владимиров;Соломон;Натановна;NO
825f9399-0d2e-42e8-8a89-9e9fb57a6ec4;ИП Мясникова И.Ф.;Мясникова;Ипполит;Феоктистович;NO
2dd4d9d8-a1d8-491a-9b36-eeaa2a76d601;Козлов Юлия Анатольевич;Козлов;Юлия;Анатольевич;NO
d6d2af6f-2a2d-4213-a996-739918b671df;Данилова У. е.;Данилфва;Ульяна;Владимировна;NO
288bb586-a39d-42b6-9fee-ca2f4206a9b2;ИП Самойлов В.Ф.;Самойлов;Варлаам;Фокич;NO
b3d9c644-b711-41d7-b2ce-241c745e3efa;ИП Маслов С.В.;Маслов;Соломон;Виленович;NO
f127c83b-38cc-45a5-ad64-be1fe681d982;ИП Воробьев И.И.;Воробьев;Ипполит;Игнатьевич;NO
30b2bf66-e9c4-48da-ab07-88fbd08f91db;Пестова Э. А.;Пестова;Эмилия;Анатольевна;NO
693aef9b-abf5-4e24-bfe6-f38cb91186f1;Князева Виссарион Федотович;Князева;Виссарион;Федотович;NO
15ef46e5-5302-424f-9bcb-38d5e74f2075;Уваров П. Е.;Уваров;Пимен;Ермолаевич;NO
4dc664d4-a443-4150-87a2-6aaa4b40ae1e;ИП Жукова Э.А.;Жукова;Эммануил;Аркадьевна;NO
0f12500a-4eea-4648-818c-bdb94003aa08;Петухова Ф. Т.;Петухова;Фёкла;Трифонович;NO
0595d191-166d-4310-91bc-50fffcbc26cc;Тихонова ОльгапАрхиповна;Тихонова;Ольга;Архиповна;NO
50842bd4-2450-4bfa-88d7-a4ad6591b585;Кузьмина Юлия Макаровна;Кузьмина;Юлгя;Макаровна;NO
28819b82-9d89-444a-9ef1-5b9c7da3300a;Тихонова Д. А.;Тихонова;Дарья;Аверьянович;NO
e3f2c84d-fc6c-4ae8-b245-18f9fc45c678;ИП Петухова О.Я.;Петухова;Ольга;Ярославович;NO
fbce7cba-c178-4848-a6f5-17f1ad7427c8;Алексеев К. Ф.;Алексеев;Клавдия;Феоктистович;NO
66e2fe6a-0028-4bac-9d3b-45871ff9cdd9;Уваров Акулина иосипович;Уваров;Акулина;Иосипович;YES
8b80c818-1091-4162-a882-bb0a73499a53;Тихонова Кондрат Ефимовна;Тихонова;Кондрат;Ефимовна;NO
0c5e5ac2-08a7-4896-9bf7-706e31752ed8;Рогов Кирилл Афанасьевна;Рогов;Кирилл;Афанасьевна;NO
80f237ba-da35-4404-ba3c-3f747effc239;ИП Третьяков Р.В.;Третьяков;Рубен;Владленович;NO
86be642b-155f-41fb-9682-418da4995b41;Ермаков Кузьма Арсеньевич;Ермаков;Куеьма;Арсеньевич;NO
03730922-90cb-4436-938e-f297a7d04f78;Федотов В. А.;Федоеов;Валерий;Аркадьевна;NO
64432307-ce03-431a-a2c8-83bfa66921ff;Гущин Юлия Афанасьевна;Гущин;Юлия;Афанасьевна;NO
d9a253ef-4376-47bf-bcea-6ac3b4b843df;Пестова Вера Федотович;Пестова;Вера;Федотович;NO
90742b8f-703d-47f8-a1ea-d48ca3b6077b;Лыткина Сила Владиславовна;Лыткина;Сила;Владиславовна;NO
db36d407-8db2-4d05-b22b-e5fe4e0e26d6;Маслов С. Ф.;Маслов;Сильвестр;Фокич;NO
a4892add-7427-4b77-bbed-dc2222b86529;Самойлов П. Б.;Самойлов;Поликарп;Болеславовна;NO
d68ac7db-fe16-4160-bc91-9633a4863222;ИП Бирюкова В.Ж.;Бирюкова;Владлен;Жанович;NO
9bb92cd9-64b3-4d9a-affb-0de0bdeb6ab7;ИП Пестова П.Г.;Пестова;Пантелеймон;Григорьевич;NO
8baa914c-bb48-48b4-9c9e-d75cb104703b;ИП Васильева Т.А.;Васильева;Тарас;Аерианович;NO
3642118d-376b-4226-8a61-88287d860130;Аксенова Б. Э.;Аксенова;Борислав;Эдуардовна;NO
04f16216-48d6-4645-9dfc-0fea5667193c;ИП Рогов К.Х.;Рогов;Клавдия;Харламович;NO
b19280aa-4e9e-4e59-b992-7c0132080666;Лобанов К. Ф.;Лобанов;Кирилл;Фокич;YES
af1a31a3-6423-4bd2-b75c-6e63645996e4;ИП Моисеева Ч.Г.;Моисеева;Чеслав;Глебович;NO
d5b6be90-7782-4aac-845e-7204e3851b9a;Поляков Филимон Виленович;Поляков;Филимон;Виленович;NO
581701de-4a38-49ed-9d95-9abcef787ae2;Шарапова Ипат Харлампьевич;Шарапова;Ипат;Харлампьевич;NO
73f32b9d-602c-4a5c-903b-a97519d8b11e;Силина Поликарп Аверьянович;Силина;Поликарп;Аверьянович;NO
c7605e7f-d7df-4038-992d-3addc3a9e703;Наумова Тарас Геннадьевна;Наумова;Тарас;Геннадьевна;NO
c110304a-d34c-45ca-bf55-5e262c8dba85;Васильев Д. Е.;Васильев;Дмитрий;Ермолаевич;NO
f67c7c0f-6210-42ea-9569-b720c725b534;Николаев К. Б.;Ермаков;щедосий;Арсенович;NO
d9bdcb36-be02-4765-9c98-510e2c3079b8;Николаев К. Б.;Николаев;Карп;Болеславовна;NO
b6249143-ccf8-4d96-99fc-cea543fb94ba;Петрова Орест Максимовна;Петрова;Орест;Максимовна;NO
5565061a-7da9-4467-b25d-b651983d021a;Дементьева А. Г.;Дементьева;Аристарх;Геннадьевна;NO
2d7f6fd4-d2e5-43d6-8190-2eecbb668df2;Мамонтов Фёкла Арсенович;Мамонтов;Фёкла;Арсенович;NO
ead6d7b0-6967-4c45-bd8d-ecb9eb7b2601;Комиссарова Савелий Александровна;Комисларова;Савелий;Александровна;NO
9918cd02-35bd-4419-b8ed-31f499638307;Моисеева Виссарион Фролович;Моисеева;Виссарион;Фроловиж;NO
865d9505-7f7d-4ce2-adb3-2d3e3f4d0a98;Голубева К. Я.;Голубева;Клавдия;Яковлевич;NO
1b0e604e-74cb-4497-9707-a2712a03175d;Мишина Виктория Трифонович;Мишина;Виктория;Трифонович;NO
d390925c-8002-4a62-84ce-8991de9a1f1c;Селиверстова В. Ж.;Селиверстова;Валерит;Жанович;NO
25599366-0e67-4d22-8e31-114d38f248fa;Исакова Г. Ф.;Исакова;Георгий;Филиппович;NO
bcc706b0-467f-4533-b734-fa94e9e22e55;Турова Ольга Макаровна;Турова;Олзга;Макаровна;NO
1e5b1b75-48b6-45f5-b518-3be4e062d27d;Константинов Лонгин Эдуардовна;Константинцв;Лонгин;Эдуардовна;NO
48822d52-9269-4d28-8038-3bc4d568dbf6;Васильев А. И.;Васильев;Аристарх;Ильясович;NO
ca37d26d-88a6-4868-9fc9-5b877ae9c13f;Максимова Соломон Фокич;Максимова;Соломон;Фокич;NO
7527d7a7-2ba0-4a19-b7ad-51faa5594c71;Максимова Соломон Фокич;Максимова;Соломон;Фокич;NO
61cff47d-2d02-41e9-a831-9472d8b420f3;Громов Рубен Вадимовна;Громов;Рубен;Вадимовна;NO
056311b1-bb77-487b-b630-810591beb58b;Селиверстова Ипполит Брониславович;Селиверстова;Ипполит;Брониславович;NO
f678485a-f703-4bf6-8826-e46fd5b96e6a;Бирюкова Артем Игнатьевич;Бирюковк;Артем;Игнатьевич;NO
62a11ea7-811e-47d8-8486-0d62f1a77246;Козлов Дементий Ерофеевич;Козлов;Дементий;Ерофеевич;NO
a973d92b-41db-4eb0-ab73-f43a98ca88fc;Лукина Вера Леонидовна;Лукина;Вера;Леонидовна;NO
cb5531dc-4880-4167-b30c-71265533f480;ИП Куликова Э.А.;Куликова;Эмилия;Афанасьевна;NO
6c1752ea-a2a9-4fc2-a6b1-1e8fac47ddd1;Кудряшова Акулина Богданович;Кудряшова;Акулина;Богданович;YES
e046f9d3-7ce1-4d60-9034-e394a4f837f4;Бирюкова Фортунат Викторовна;Бирюкова;Фортунат;Викторовна;NO
c42ac562-f908-4ed3-ab5a-3d3aefaab500;Мамонтова Дарья Афанасьевич;Мамонтова;Дарья;Афанасьевич;NO
e55f534d-bb06-4350-b1ff-aa2fc17b12f3;ИП Лукина А.А.;Лукина;Амос;Антонович;NO
28488b4e-c6cb-42df-b42b-f0342fce6814;Воробьев С. Н.;Воробьев;Сильвестр;Натановна;NO
3e516d51-acca-4ca7-96a5-44d2cf9d5b4d;Комиссаров Виктория Натановна;Комиссаров;Виктория;Натановна;NO
2858c5f6-8a78-4896-8368-ccb5743ccbc0;Савельева Феврония Арсеньевич;Савельева;Феврония;Арсеньевич;NO
2e34bb6c-089d-4a9d-ba87-ae997dbd96ae;Бобров Рубен Антипович;Бобров;Рубен;Антипович;NO
62f0e1a5-9191-452f-8751-fa41f8ab2886;Максимова Мокей Жанович;Максимова;Мокей;Жанович;NO
20ef3469-2f5f-4ffd-b15d-cf7d995c1acb;Васильева Антип Феофанович;Васильева;Антип;Феофанович;NO
34ceec75-0077-4f5e-b879-60d95a854da8;Николаев Дмитрий Владимировна;Николаев;Дмитрий;Владимировна;NO
2846f752-0913-4e67-9cbb-99dbf02c6bc1;ИП Титова С.А.;Титова;Савелий;Архиповна;NO
11a40248-1485-4236-8cf0-08855366ef80;Владимиров Борислав Владимировна;Владимиров;Борислав;Владимировна;NO
73bd8de3-1b99-4c66-8223-733fc8a2b36e;Соловьев Виктория Ярославович;Соловьев;Виктория;Ярославович;NO
582dc787-78a3-47b1-84f2-1cab28d1401a;Маслов Рубен Аркадьевна;Маслов;Рубен;Аркадьевна;NO
714dc6d0-4dd9-4c4b-9529-3fa508ea4e5a;Максимов Юлия Анатольевна;Максимов;Юлия;Анатольевна;NO
f0a6a2ba-ed41-4a9d-9bb7-a0f192faa558;ИП Полякова А.А.;Полякова;Аникита;Адрианович;NO
4376c94f-e555-4da8-b7f9-b9deb9375f5e;Васильева Ольга Антоновна;Васильева;Ольга;Антоновна;NO
54b71294-c831-4d00-a2e1-6e7104688462;ФедотовщЕремей Власович;Федотов;Еремей;Власович;NO
f947c528-ee42-4983-ad0c-5fd62fcdd045;Громов Дарья Сергеевна;Громов;Дарья;Сергеевна;NO
7757573d-768f-48df-9fe8-7e2fc2cb6cc5;Максимова В. И.;Максимова;Вера;Игнатьевич;NO
df99af43-138e-412e-a13f-89256c8dd3d7;Комаров Федор Арсеньевич;Комаров;Федор;Арсеньевич;NO
6a156a6b-5fb3-43ed-9054-02fe01699377;Исакова А. Я.;Исакова;Анисим;Ярославович;NO
5fe9498d-379c-4981-9cf3-fb82c37fffb2;ИП Медведева С.А.;Медведева;Сила;Антипович;NO
25a3202d-cd22-4c59-8065-0f7ba5910530;ИП Медведева С.А.;Медведева;Сила;Антипович;NO
1757f7df-d318-48a4-8909-fce1ae7fb815;ИП Иванова П.Н.;Иванова;Платон;Натановна;NO
e3f95105-f3c4-47ab-b6bf-5b6c18a665a1;Николаев Остап Владимировна;Николаев;Остап;Владимировна;NO
d0b5fae3-8091-4a7e-936e-8e4b0b10713a;Шарапова Поликарп Антипович;Шарапова;Поликарп;Антипович;NO
b46d1cf3-1431-4324-bd26-0f9c7c842652;Исаев Аникита Макаровна;Исаев;Аникита;Макаровна;NO
b0a2cc38-1b41-403f-b896-c4a5b8fa0f85;Полякова Мокей Ермолаевич;Полякова;Мокей;Ермолаевич;NO
301f5773-79ef-4ea5-a945-90bcecd8b076;Полякова Мокей Ермолаевич;Полякова;Мокей;Ермолаевич;NO
2c0b7bee-fc85-48ee-9387-07e3bcd34f7a;ИП Ермаков А.Э.;Ермаков;Аникей;Эдуардовна;NO
385fa492-d935-44bf-aea2-de135e5d28a2;Субботина б. А.;Субботина;Порфирий;Аскольдовна;NO
d4780516-2168-410c-9a33-2200b14815c5;Пономарева Георгий Юльевич;Пономарева;Георгий;Юльевим;NO
a96eb1f2-580d-4158-afe5-0ce05c9b47d9;Пономарева Георгий Юльевич;Пономарева;Георгий;Юльевим;NO
e560dd84-0e09-40d0-916c-5404820149ce;Тихонова К. Я.;Тихонова;Кондратий;Ярославович;NO
ee9ecf08-53d8-4b06-8729-68d277d808d5;ИП Дементьева С.Г.;Дементьева;Спиридон;Геннадиевна;NO
d0f91504-34df-49d2-b355-bfb41040fb70;Рыбакова Кузьма Аверьянович;Рыбакова;Кузьма;Аверьянович;NO
c4e17ae1-eb9f-41b1-8faf-e2c8e106201c;Лебедев Фёкла Валерианович;Лебедев;Фёкла;Валерианович;NO
94ebf5b1-ed0a-46e7-a6a8-37d1e478cbe1;Рогов Е. Ф.;Рогов;Евдоким;Феофанович;NO
8ac8609d-6784-4ff0-abd5-f7b83b0c282d;Комаров Э. В.;Комаров;Эмилия;Васильевич;NO
356f38c1-8384-49c2-bd86-63db3f53bb29;Комаров Э. В.;Комаров;Эмилия;Васильевич;NO
54d1947b-ee8c-4624-9319-fdc0071a5c49;Веселова Валерий Геннадьевна;Веселова;Валерий;Геннадьевна;NO
fd7d18f0-ad56-484f-8777-6b3a35209610;ИП Аксенова С.И.;Аксенова;Сильвестр;Изотович;NO
b0a23c7d-e353-49fa-99c9-301128a6bb7c;Медведева Казимир Аверьянович;Медведева;Казимир;Аверьянович;NO
e8cfcc4f-4530-476f-a444-deb4bff610eb;Максимова Ю. А.;Максимова;Юлия;Аверьянович;NO
7b7423f1-cd1f-46ea-bbb8-7ade6e2cca74;Иванова Никифор Александровна;Иванова;Никифор;Александровна;NO
0ddbe8fd-ac66-4e08-9cd8-5683f447d841;Федотов Еремей Александровна;Федотов;Еремей;Александровна;NO
10e4914a-3abc-441d-8aeb-e738e4622c50;Козлов Кондрат Фокич;Козлов;Кондрат;Фокич;NO
cf5721ee-3dbd-4f85-b48b-b0a53ba15523;ИП Жукова Я.Г.;Жукова;Ян;Глебович;NO
c579e149-b434-4ad2-be70-7047821a4b3f;Вишняков Лариса Фокич;Вишняков;Лариса;иокич;NO
f7b4b250-cd09-4ff6-a643-9459e773e530;ИП Иванова А.Е.;Иванова;Анисим;Ерофеевич;NO
ca65c3e0-f9cf-43fe-8212-c2df02344342;Полякова Ипполит Сергеевна;Полякова;Ипполтт;Сергеевна;NO
a4314781-4dc5-4d76-81d2-9f5b21f5bc45;Мамонтова Фёкла Афанасьевич;Мамонтова;Фёкла;Афанасьевич;NO
1d7bd21b-0775-4589-be23-6fd0f826443a;Фокина Фортунат Геннадьевна;Фокина;йортунат;Геннадьевна;NO
c0fdea9d-d82c-4a33-98de-cb35203ffec1;Савельева Ольга Натановна;Савезьева;Ольга;Натановна;YES
2930f321-115b-477f-b353-fe22cc26a07a;Белякова Амвросий Афанасьевна;Белякова;Амвросий;Афанасьевна;NO
7055dad0-6e2d-484e-a9f5-844ba826c08f;Щербаков Платон Эдуардовна;Щербаков;Платон;Эдуардовна;NO
4b814265-f59a-40c9-8423-894a7b48ed27;ИП Брагина Я.А.;Брагина;Ян;Аскольщовна;NO
33e0293f-b017-4ee9-b04e-eb44503dc32d;Иванова Д. Е.;Иванова;Дементий;Ефимовна;NO
7e879869-72fb-427e-8ef7-dc81433d399f;Владимиров Пимен Захарьевич;Владимиров;Пимен;Захарьевич;NO
a394fd90-4a11-448b-8c03-8e0ba1dc0060;ИП Третьяков А.М.;Третьяков;Антип;Матвеевна;NO
c6c948d8-277e-4484-92cc-3294b9171feb;ИП Титова К.И.;Титова;Клавдия;Ильясович;NO
ba886a13-7226-4e9b-8ad0-6999b2d20847;Константинов Фёкла Алексеевна;Константинов;Фёкла;Алексеевна;NO
5f15d567-91fc-460d-8c7c-f3244ef99ac8;Юдин Лонгин Фокич;Юдфн;Лонгин;Фокич;NO
9fd0f539-8698-4eeb-aaa5-3a8b4b2cead9;Веселова Савелий Антоновна;Веселова;Савелий;Антоновна;NO
30012671-17b2-483a-9e2e-02aa12d83d3b;Федотов Лонгин Харламович;Федотои;Лонгин;Харламович;NO
26209850-787a-44d8-b11f-8e9a71b9afd9;Комиссарова Г. Г.;Комиссарова;Георгий;Георгиевна;NO
06942f3c-5025-4b85-9622-55d820cd80c1;Владимиров Кирилл Захарьевич;Владимиров;Кирилл;Захарьевич;NO
96812d4e-49ec-4faa-b94f-d298eda9efcf;Петухова В. Т.;Петухова;Владлен;Тихонович;NO
4cdd66d1-6375-486b-9641-2086d50ac14d;ИП Иванова Ю.Г.;Иванава;Юлия;Геннадьевна;NO
8b286e9e-ddf4-48e2-a9d5-0aa323e3c723;Кудряшова Панкратий Архиповна;Кудряшова;Панкратий;Архиповна;NO
106c180a-f776-46b9-86c9-685e25cf0c58;Лебедев Виктор Давидович;Лебедев;Виктор;Давидович;YES
c1c13fef-dac4-4298-96e9-310b291e4c52;Щукин Э. И.;Щукин;Эмилия;Игнатьевич;NO
41aee02b-6cba-4c0d-8b2d-8f433262ca13;Васильев Федосий Алексеевич;Васильев;Федосий;Алексеевич;NO
fd2ebad4-a84d-4621-ad79-85af71509cc0;Дементьева Якуб Анатольевна;Дементьева;Якуб;Анатольевна;NO
53843649-618e-4ba6-b20e-07805b714784;ИП Ермаков И.С.;Ермаков;Илья;Сергеевна;NO
52a098eb-a083-4706-80f8-5c18d70d118a;Устинов И. Б.;Устинпв;Изот;Богданович;NO
4426b5eb-b86f-4daa-9efb-9cc623289b1a;Комаров Ф. А.;Комарлв;Фортунат;Адрианович;NO
757eeff1-44c9-4919-86c1-7bd9dada2c24;Петухова Аристарх Леонидовна;Петухова;Аристарх;Леонидовна;NO
fe25f12c-1097-4abd-87bf-ac4b627f23ad;Константинов Р. И.;Константинов;Ратмир;Иосипович;NO
50eb2c3b-849e-48b8-a8fb-a3ef7ce8fd00;ИП Щербаков В.М.;Щербаков;Вера;Марсович;NO
5cb6ab96-8639-406c-99d8-12dfd5aea777;Носова Аникита Федоровна;Носова;Аникита;Федоровна;NO
370d3f01-8f46-4826-b01a-e85e8ea6bc26;Терентьева Ульян Леонидовна;Терентьева;Ульян;Леонидовна;NO
5ef87e77-2924-4294-8cd7-193ccd0af26d;Щербаков Т. Ж.;Щербаков;Творимир;Жанович;NO
8ff25472-c19d-4bee-8428-ba6519ac5c60;Русаков М. Е.;Русаков;Мокей;Ермоларвич;NO
581179e9-0bd5-435f-8d2a-2b7e9cb267f7;Максимов Акулина Брониславович;Максимов;Акулина;Брониславович;NO
8dc73421-a2e8-44b7-b0cc-9f659c9cd390;Вишнякова Борислав Анатольевич;Вишнячова;Борислав;Анатольевич;NO
383c0802-9b18-4e8c-a23f-70d2d11db44e;Кузьмина А. Ф.;Кузьмина;Антип;Феоктистович;NO
e5e8ca04-02c5-487a-8d08-b078a42278d7;Самойлов Лариса Макаровна;Самойлфв;Лариса;Макаровна;NO
0cfe0df3-9dca-4d85-a60e-c0f90e584f02;ИП Корнилова К.Г.;Корнилова;Кондрат;Георгиевна;NO
bca4a5f4-dc7f-4c67-8af9-e6b3e506ea07;Петухова Фома Фокич;Петухова;Фома;Фокич;NO
59757469-12e4-4fad-a913-2decc7cce030;Буров Ф. Ф.;Буров;Феврония;Фокич;NO
c3d0d265-7830-4f73-9707-9955adc744b2;Силина Федор Владиславовна;Салина;Федор;Владиславовна;NO
d9dd6714-b998-4861-8fa8-c825bb87c09c;Васильев Поликарп Натановна;Васильев;Поликарп;Натановна;NO
889a4134-3d4b-4da0-85fb-c17f8dce8850;Русаков Клавдия Сергеевна;Русаков;Клавдия;Сергеевна;NO
894742d9-d25d-48f1-9c48-2d505984dc60;Комиссарова Спиридон Адрианович;Комиссарова;Спиридон;Адрианович;NO
761654af-9c42-4577-bbc3-b67e6d69eea9;Уваров И. З.;Уваров;Илья;Захарьевич;NO
d6d09c41-aa53-4c3c-88fe-6c11c6abefe2;Уваров И. З.;Уваров;Илья;Захарьевич;NO
d110d79d-eec5-4a1c-b456-bbb360be5f22;Тихонова Платон Анатольевна;Тихонова;Платон;Анатольевна;NO
75afffb8-6ddd-449a-8a54-a078744fa157;Князева Пров Фокич;Князева;Пров;Фокич;NO
98fab3a9-3051-40dd-8469-411e581b228a;Лукина Ипполит Давидович;Лукина;Ипполит;Давидович;NO
f4330a93-409e-4076-9a55-383a869d5661;Исаев Орест Харлампьевич;Исаев;Орест;Харлампьевич;NO
dbd5eb02-0e81-4e2e-a22c-fa426184000c;Иванова Фортунат Феофанович;Иванова;Фортунат;Феофанович;NO
9dbd056c-498c-4795-9ed6-d4393a3fd3ca;ИП Николаев А.А.;Николаев;Акулина;Антонович;NO
f6416afe-ca62-4664-a847-9e26b69dfe1d;Гуляев Карп Харламович;Гуляев;Карп;Харламович;YES
49d239ac-f1e7-47a8-9f84-9833148a8404;ИП Бирюкова И.М.;Бирюкова;Илхя;Макаровна;NO
e9d0b94b-9923-48ed-9789-57db8d9b7179;Носова Регина Анатольевна;Носова;Регина;Анатолтевна;NO
51e07c5d-1b13-4658-a101-1109f04bd266;Шарапова Поликарп Арсеньевич;Шарапова;Поликарп;Арсеньевич;NO
0099c5cb-bd64-442b-bb18-23254f801a9a;Копылова А. И.;Копылова;Аникита;Игнатьевич;NO
1208bc4e-5d64-4a18-aa7f-7e7b50a9851c;Копылова А. И.;Копылова;Аникита;Игнатьевич;NO
0cb8f0b6-4e3a-4e39-a377-add65ce541d7;Наумова Акулина Тимофеевна;Наумова;Акулина;Тимофеевна;NO
b0b2448b-46c7-4148-a640-77a9c281b394;Наумова Акулина Тимофеевна;Наумова;Акулина;Тимофеевна;NO
98a67cc2-429f-4f68-abc1-bcccc3a3a671;Котова Феврония Брониславович;Котова;Феврония;Брониславович;NO
6154622f-ecc4-4f3a-8d97-414d4468024a;Лебедев Глеб Фокич;Лебедев;Глеб;Фокич;NO
3898cb61-8b24-4b5e-9d83-c681316a2a1a;Бирюкова Панкратий Сергеевна;Бирюкова;Панкратий;Сергеевна;NO
625246d0-d8ae-40dc-9d85-caa81892f5bb;ИП Субботина Е.Т.;Субботийа;Евдоким;Тимофеевна;NO
fadaf35e-f3dc-4f7c-b91e-3d3547bb303c;ИП Фролова П.З.;Фролова;Платон;рахарьевич;NO
f6513b57-7889-4c5e-8816-d459092cfa0c;Щербаков Кондрат Марсович;Щербаков;Кондрат;Марсович;NO
b69b36ae-5587-4f53-be80-d8653cd88a88;Щербаков Кондрат Марсович;Щербаков;Кондрат;Марсович;NO
1d74f81b-12dd-463d-89ab-9dc6f8999660;Журавлев П. Э.;Журавлев;Пантелеймон;Эдуардовна;NO
1411c975-6878-4864-91f9-615d301e7bb5;Федотов Анисим Трифонович;Федотов;Анисим;Трифонович;NO
3829d533-27b4-4470-b8b7-94c01029dec2;Щербаков Ф. Ф.;Щербаков;Фома;Фокич;NO
6564d009-f12f-4deb-a6bc-b1dd9f7771db;ИП Пономарева Ф.Ж.;Пономарева;Фёкла;Жанович;NO
ad9c39e4-e07a-497d-9a8a-7ede803c407e;Козлов Федосий Захарьевич;Козлов;Федосий;Захарьевич;NO
1edb5915-cc94-438c-ba8b-f9f23519f0a4;Терентьева Остап Арсеньевич;Терентьева;Остап;Арсеньевич;NO
72a78483-f257-4dd7-be94-eef458efd47a;Мишина Кондратий Еремеевич;Мишина;Кондратий;Еремедвич;NO
760b5e2d-f6f8-4f0d-9430-b11a8ccb5550;Корнилова Дементий Болеславовна;Корнилова;Дементий;Болеславовна;NO
ef0d694a-258a-4436-9e63-f3264998deba;Васильев Тарас Владиславовна;Васильев;Тарас;Владиславовна;NO
d23af8c6-439a-40d9-a25c-06d483581adc;ИП Исаев П.М.;Исаев;Пров;Макароцна;NO
a47980d8-cbd6-4ad1-a629-0ff1aa0907a8;Комиссаров Борислав Анатольевич;Комиссаров;Борислав;Анатольевич;NO
31c81f4e-0d8a-4732-98d5-dddb493541cd;ИП Полякова Д.Б.;Полякова;Дмитрий;Брониславович;NO
02b00a00-3204-4c76-8ddb-e7cf5c2d8441;ИП Мельников И.А.;Мельников;Ипполит;Анатольевна;NO
14cbe4fc-efd0-40f8-bef9-764ec66a7bf0;ИП Третьяков А.Г.;Третьяков;Акулина;Геннадиевна;NO
e6b26353-4f9c-4d44-9c79-831650b94233;Мельников Владлен Архиповна;Мельников;Владлен;Архиповна;NO
e0d3da8e-6886-4d4e-8882-6d232b373745;Русаков Лариса Сергеевна;Русаков;Лариса;Сергеевна;NO
243aac9f-4904-4568-88a5-8b0a11679fea;Мельникова Ипполит Антоновна;Мельникова;Ипполит;Антоновна;NO
8eb9eb23-f8d3-4fd9-a212-05868678a09d;Лыткина Аникита Феофанович;Лыткина;Аникита;Феофанович;NO
cd85bcbc-009b-489c-b3c3-1a93a31c2fa6;ИП наумова В.А.;Наумова;Владлен;Афанасьевна;YES
d9192cea-c15f-446b-a56d-88c5eb581587;Гришин В. Г.;Гришин;Владлен;Глебович;NO
96c50b0e-72ec-4467-a858-115b781d62d4;ИП Носова Ф.А.;Носова;Фома;Афанасьевич;NO
e349dd78-87eb-4253-a2a8-466af279241f;Федотов Юлия Георгиевна;Федотов;Юлия;Георгиевна;NO
96c08dee-695d-45fc-880c-aca7391992a1;Колобов Борислав Ефимовна;Колобов;Борислав;Ефимовна;NO
af9aab77-86d9-4875-9774-485313e60539;Петухова Евдоким Афанасьевна;Петухова;Евдоким;Афанасьевна;NO
cd0c4004-af5d-4e96-a1ee-4f53681ac27c;Носов Эмилия Фокич;Носов;Эмилия;кокич;NO
d880e9d1-f118-4574-86ea-1e49a7031e22;Смирнов Антип Валерианович;Смирнов;Антип;Валерианович;NO
3b273c1c-9494-4987-a978-1cbb587c1d63;ИП Максимова А.С.;Максимова;Аристарх;Сергеевна;NO
68f23564-14c6-4faf-9316-122661c07bab;ИП Ермаков Ф.Ф.;Ермаков;Филимон;Феофанович;NO
0ce4455b-f6da-4817-83f2-0349bb32fc61;Соловьев Сильвестр Власович;Соловиев;Сильвестр;Власович;NO
a58d7733-cf4b-4273-a2f5-c834fb999d30;ИП Васильев В.Ф.;Васильев;Виталий;Фокич;NO
3de9c71e-4319-4f04-90ab-f9e0fbac6bfe;Николаев Творимир Фёдорович;Николаев;Творимир;Фёдорович;NO
3fff0e9a-9c62-4604-a7a3-23a6f733d5b6;Носова Кирилл Антоновна;Носова;Кирилл;Антоновна;NO
f0aa63d3-8078-4d80-8a27-9f865bec44ff;Рыбакова Фёкла Игнатьевич;Рыбакова;Фёкла;Игнатьевич;NO
f70522c1-ba10-40c7-9b6c-c0252f3a36db;Кузьмина Лариса Фокич;Кузьмина;Лариса;Фокич;NO
013cdb58-ad84-4e7b-acfd-8ea467f7befe;Мишина О. А.;Мишина;Ольга;Аркадьевна;NO
48eb7224-53f1-4273-953e-e095259e459f;Комиссарова Ульяна Георгиевна;Комиссарова;Ульяна;Георгиевна;NO
4a207069-52cd-4a5a-a5ca-36916df5ec12;Исакова Виталий Анатольевич;Исакрва;Виталий;Анатольевич;NO
8048178b-17a1-4857-af8c-0c099f81953f;Алексеев Аристарх Тихонович;Алексеев;Аристарх;Тихонович;NO
1889d9d2-5989-4dbe-8cf4-8fa5152f3478;Титова Терентий Ефимовна;Титова;Терентий;Ефимовна;NO
c2272e5a-cbdf-47de-b3f4-d826c94e3f73;Тихонова Г. А.;Тихонова;Глеб;Афанасьевна;NO
4408b0ed-35a6-4cc5-b5f1-cd3bb30ab159;Гордеева Х. З.;Гордеева;Харитон;Захарьевич;NO
3e386725-4d54-4f5f-abdb-5269ef30bfab;Носова Флорентин Афанасьевна;Носова;Флорентин;Афанасьевна;NO
7b66faaa-f750-4e3d-be9e-3187320f48b4;Кудряшова К. А.;Кудряшова;Казимир;Адрианович;NO
4aa346b4-99ff-44cc-a9a5-38426056481e;Петухова Кузьма Харлампьевич;Петухова;Кузама;Хщрлампьевич;NO
635ab799-4f36-47b5-adf4-70a68aa31423;Петухова Кузьма Харлампьевич;Петухова;Кузама;Хщрлампьевич;NO
0e8a5ea5-55ae-4313-8b06-3d7f05d35303;Бирюкова О. Е.;Бирюкова;Ольга;Ефимовна;NO
14c4af69-1d12-49f8-a6fb-f784275c2e28;Поляков О. Ю.;Поляков;Остап;Юльевич;NO
c1d8d6ee-d7a2-4e46-b325-815baa3c27a6;ИП Колобов А.А.;Колобов;Антип;Афанасьевич;NO
a35cb217-2b36-4b45-910e-54f6d70bf988;Комиссаров А. А.;Комиссаров;Амог;Архиповна;NO
57942f1f-4c5e-4027-a542-08da00f43437;Корнилова Панкратий Харламович;Корнилова;Панкратий;Харламович;YES
69fb761d-8e9c-4082-a47a-d25f44fc2bbe;Одинцов Акулина Валерианович;Одинцов;Акулина;Валерианович;NO
54efc8fe-3358-4c24-8cc1-11681cf8da64;Лобанов Пимен Харлампьевич;Лобанов;Пимен;Харлампьевич;NO
07c00d80-aa6d-4847-84ef-f28954d3d533;ИП Титова Е.Г.;Титова;Евдоким;Геннадиевна;NO
d8b2e8e0-ef08-4ced-93dc-66e2aa09baf3;Петухова Т. В.;Петухова;Творимир;Владиславовна;NO
422d875a-fcf1-43a9-8a29-ad8978f5b7b4;ИП Бобров Ю.Ф.;Бобров;Юлия;Федоровна;NO
8b74ec74-70df-471c-8863-a578692b305f;ИП Дементьева П.Е.;Дементьева;Пантелеймон;Еремеевич;NO
beb3801a-424f-4f34-866b-da39c62db260;журавлев Д. Ф.;Журавлев;Дементий;Феокзистович;NO
7b04e351-4b67-4142-aeb4-cb795e5daf41;ИП Устинов К.Е.;Устинов;Кирилл;Ефимовна;NO
3bde6187-3a23-4a98-b0f2-e4536e52569e;Самойлов Кузьма Ярославович;Самойлов;Кузьма;Ярославович;NO
8689c004-c2b3-4c70-9842-1c9465ef2d4a;Мясникова Чеслав Ерофеевич;Мясникова;Чеслав;Ерофеевич;NO
5e5760c3-340f-49e7-b6c0-3efe98bfe4e2;Васильев Ф. Ф.;Иванова;Ратмир;Сергеевна;NO
16a99229-0676-44e2-b0a7-4b823ebfca57;Васильев Ф. Ф.;Васильев;Фёкла;Фролович;NO
f60e7b03-08a0-4729-8948-b2519ccdb460;Корнилова Федосий Васильевич;Корнилова;Федасий;Васильевич;NO
29591e17-d206-4598-b6e1-066d05561588;Мельников Илья Жанович;Мельников;Илья;Жанович;NO
d6bb4961-9210-45c4-b2d9-f0346278301d;Субботина В. А.;Субботина;Виктор;Аркадьевна;NO
b1642ede-d0e3-406b-9970-62cad9af8464;ИП Матвеева К.Т.;Матвеева;Кондратий;Трифонович;NO
89720e92-01b8-41b2-8a6c-957b66b3b8e0;Юдин Сильвестр Григорьевич;Юдин;Сильвестр;Григорьевич;YES
09a53d0e-0618-431a-a890-b6027bbca05f;Владимиров Эмилия Владленович;Владимиров;Эмилия;Владленович;NO
3c7c1d49-5a39-4064-b0df-1056e2dbe821;Максимова Эмилия Давидович;Максимова;Эмилия;Давидович;NO
a11962b9-88aa-4865-9bd2-c2cb69bff7a5;Смирнов Вера Ермолаевич;Смирнов;Вера;Ердолаевич;NO
f21f2881-25fa-47d0-a5e6-38d355aee7e4;Котова Виссарион Геннадьевна;Котова;Виссарион;Геннадьевна;NO
913710c9-19fc-49c1-923b-2f244c12c26c;Голубева Ратмир Александрович;Голубева;Ратмир;Александрович;NO
2727ce5a-3aad-472c-9e97-9e7f0d54bf67;Котова К. Д.;Котова;Кирилл;Давидович;NO
2e272fad-4a3f-469a-9ea7-859a03c445c2;Жукова Регина Максимовна;Жукова;Регина;Максимовна;NO
d6ee7b7b-a899-4341-bf4a-9f1cfbdf600e;ИП Комиссарова Ч.Т.;Комиссарова;Чеслав;Трифонович;NO
f946c9dd-65e5-431f-816f-6a61666378e9;Соловьев Ульяна Игнатьевич;Соловьев;Ульяна;Игнатьевич;NO
451b93e1-bfc0-42ce-aae8-76bd3a398f7b;Кулаков Аристарх Ермолаевич;Кулаков;Аристарх;Ерволаевич;NO
eaa214b1-2c65-420c-b571-910172d55d37;Васильева ВиталийцЯковлевич;Васильева;Виталий;Яковлевич;NO
72451f7f-7030-4899-a8f8-3df44e6bba92;Мамонтов Аникита Фокич;Мамонтов;Аникита;Фокич;NO
0c1a045d-f24a-42e3-bee9-f0a02cbef91f;Максимова Эмилия Данилович;Максимова;Эмилия;Данилович;NO
063ecd70-68ad-4cc4-9d6e-d74a4911c5dc;ИП Носова М.В.;Носовц;Мокей;Валерианович;NO
a131ad81-e3b0-4a8b-af6f-54d8f321a565;Кулакова Порфирий Геннадьевна;Кулакова;Порфирий;Геннадьевна;NO
aa2947e8-23d0-453b-9702-1fc6f4336b08;Силина Ипполит Юльевич;Силина;Ипполит;Юльевич;NO
bf3a88db-70d5-43b2-b0d8-6aaf5230a19c;Наумова Юлия Жанович;Наумова;Юлия;Жанович;NO
edf8551f-7432-487c-80de-4b6b07389591;Щербаков Эмилия Александровна;Щербаков;Эмилия;Александровна;NO
2eadb9c3-8eda-4277-89f1-f1b2ab252992;ИП Константинов А.Н.;Константинов;Аникита;Николаевна;NO
7b543dde-7278-4758-95fc-0eb6edc4f0b3;ИП Гордеева Л.И.;Гордеева;Лариса;Иосипович;NO
ab5a11ae-9199-4cf6-86ba-74c24e9902ad;ИП Петухова А.В.;Петухова;Аристарх;Владиславовна;NO
5c51c6fc-897f-4a46-bc31-293b7fc2a67e;Фокина М. А.;Фокина;Марина;Анатольевич;NO
7985f75e-447d-4869-88dd-421f40820366;Веселова Л. И.;кеселова;Лонгин;Иосипович;NO
d33c2218-84c5-41b4-ae33-61f6bc2f49b9;Петрова Антип Аркадьевна;Петрова;Антип;Аркадьевна;NO
112e95c8-8d7b-42e1-9ac8-76f42997f3b6;Носова Флорентин Ярославович;Носова;Флорентин;Ярославович;NO
3e5cd322-0e87-4bfd-85ac-30c2cb745204;Титова В. Г.;Титова;Вера;Григорьевиш;NO
74017fa0-f68c-4cdc-ad31-512d3b0fa0a1;ИП Пономарева А.В.;Пономарева;Аристарх;Валерианович;NO
334a077f-7ba7-43c1-a64d-60c4cfdec773;Колобов Мариан Антонович;Колобов;Мариан;Антонович;NO
a549a936-c27f-4d12-b7f5-8bcd59a4f505;Терентьева Юлия Августович;Терентьева;Юлия;Августович;NO
9e3c5eae-06a1-47bd-99fa-fb254341aebc;Воробьев Вера Яковлевич;Воробьев;Вера;Яковлевич;NO
443e6fc1-79b0-4588-909e-fdc04fd11bc7;Исакова Ю. В.;Исакова;Юлия;Викторовна;NO
397e3023-5848-41b1-8c1a-00a44c4dea5a;Исакова Ю. В.;Исакова;Юлия;Викторовна;NO
9d4a0b9f-7425-40a0-a69f-d3fd7c541dc1;Иванова А. Т.;Иванова;Аристарх;Тимофеевна;NO
47341b14-0175-4eed-82ed-a20b1eeab8e4;Брагина Филимон Владимировна;Брагина;Филимон;Владимировна;NO
123df0ee-4eaf-40ba-a8c4-43634ea02275;Мамонтова Казимир Ермолаевич;Мамонтова;Казимир;Ермолаезич;NO
3d137172-21cd-45a9-92f6-56ae7a29b5cb;Гуляев Ч. Т.;Гуляев;Чеслав;Трифонович;NO
f6a300a7-3918-4d68-9839-37d3284b50f9;Дементьева Федор Игнатьевич;Дементьева;Федор;Игнатьевич;NO
cd0d3d79-e0aa-4e79-8236-b137864d0f0e;Савельева Аристарх Эдуардовна;Савельева;Аристарх;Эдуардовна;YES
1c0cb5ad-4e58-46b2-80ce-18c2a0a1c3fa;Колесников Фёкла Макаровна;Колесников;Фёкла;Макаровна;NO
2014dd3d-1e3b-4448-942d-52ca0022dcc7;Алексеев Л. Б.;Алекзеев;Лукия;Болеславовна;NO
97bf8ad4-4411-4654-ae1e-4ebf5f88836d;Данилова Кирилл Афанасьевич;Данилова;Кирилл;Афанасьевич;NO
4c29f8e8-39a6-4f08-a47f-4bb0eee9a0a4;ИП Мельников В.Жт;Мельников;Виссарион;Жанович;NO
632a88d5-433b-44a1-a7be-ef6b4335301d;Силина У. А.;Силина;Ульян;Алексеевна;NO
76cb9909-8d29-4a4b-8f2a-57dbc339a434;МясниковааКирилл Жанович;Мясникова;Кирилл;Жанович;NO
ed9b628a-7a17-46a3-8c30-db62d5cf2431;ИП Филиппов Д.С.;Филиппов;Дмитрий;Сергеевна;NO
388e9b54-9af3-4523-b828-10af2f5b0877;ИП Филиппов Д.С.;Филиппов;Дмитрий;Сергеевна;NO
cdd48443-c20f-466f-bc16-21d965864389;Мельникова П. Ю.;Мельникова;Пров;Юльевич;NO
335759a9-b1b7-4455-8dcc-809b9d333dbb;Вишнякова Никифор Фёдорович;Вишнякова;Никифор;Фёдорович;NO
2f61301f-6f24-4e4a-93e6-93ce55435e1a;ИП Николаев В.А.;Николаев;Варлдам;Афанасьевна;NO
76ba3d32-3d5f-4315-8728-73d67253eab7;Федотов У. Н.;Федотов;Ульяна;Натановна;NO
fcc2ea72-e7c0-477e-9566-f162296b9aa3;Смирнов Лукия Макаровна;Смирнов;Лукия;Макаровна;NO
942b7b7b-4cd5-4957-81df-3a652cbb56d2;Константинов Эмилия Георгиевна;Константинов;Эмилия;Геовгиевна;NO
fceacd4c-07bd-4193-af1e-4a561f20ac1d;Лебедев Антип Ильясович;Лебедев;Антип;Ильясович;NO
7f8d1c59-43e0-4a13-b178-1d129fe727c8;ИП Копылова А.В.;Копылова;Арефий;Валерианович;NO
ceb746a3-0419-4c5b-986b-f8295e76b79c;Носова Дарья Анатольевич;Носова;Дарья;Анатольевич;NO
119728c6-ed21-4c9c-a0b4-5bd55a38d844;Артемьева Фёкла Геннадьевна;Артемьева;Фёкла;Геннадьевна;YES
18e50ce5-bc1c-47de-a2be-157a85b5e09a;ИП Щербаков С.Э.;Щербаков;Соломон;Эдуардовна;NO
bcf5b16c-90cd-4240-8704-eb5a0eb37de3;Гордеева Дмитрий Архиповна;Гордеепа;Дмитрий;Архиповна;NO
8f985e8d-ae38-49f8-ad6b-33e65129a9e7;ИП Куликова Т.А.;Куликова;Творимир;Аверьянович;NO
64a92c01-aecb-4fa8-9ca9-ed63a5010baf;Моисеева А. Ф.;Моисеева;Амвросий;Фокич;NO
487517b4-5621-446f-aaad-c427be6c5a0b;Константинов Федосий Ярославович;Константинов;Федосий;Ярославович;YES
72fca2c4-3b87-4886-aa86-664c1111d2ef;Константинов Федосий Ярославович;Константинов;Федосий;Ярославович;YES
e516ff77-fb6b-4d9b-b794-2d24d08d840b;Уваров Харитон Болеславовна;Уваров;Харитон;Болеславовна;NO
724638f7-1497-40b3-8b59-e2310a1101f4;Смирнов Сильвестр Феоктистович;Смирнов;Сильвестр;Феоктистович;NO
a681e536-6724-4e2e-8be4-eac0100d65a4;Селиверстова Евдоким Ильясович;Селиверстова;Евдоким;Ильясович;NO
7fd2d821-fe85-467c-962d-7951dfb6d332;ИП Мельников Р.Г.;Мельников;Регина;Геннадьевна;NO
e7b1ff0f-e972-4dc6-a787-2403c4cf52f9;Тихонова Вера Трифонович;Тихонова;Вера;Трифонович;NO
9f50f480-bf13-4dfa-8be2-d6c1d017bba0;Алексеев Ян Виленович;Алексеев;Ян;Виленович;NO
a848c454-b837-4a3d-bb8a-45d8d7fe86e0;Алексеев Ян Виленович;Алексеев;Ян;Виленович;NO
0383b70a-3c97-4970-9627-f6b0b96d2426;Кудряшова Сильвестр Болеславовна;Кудряшова;Сильвестр;Болеславовна;NO
1d396319-8bf1-4a95-9d8c-6b00ff53d51b;Вишняков Сильвестр Александровна;Вишнянов;Сильвестр;Александровна;NO
6f8d6de8-3087-44e7-a7bd-8ce3ea8456a5;Русаков Кирилл Тихонович;Русаков;Кирилл;Тихонович;NO
fc9dc4e4-de73-4bd4-b027-3c9c62911bfc;ИП Соловьев А.Б.;Соловьев;Аникей;Болеславовна;NO
11490acf-5732-4043-b5b7-5793bab2528f;Жукова Регина Анатольевич;Жукова;Регина;Анатольевич;NO
143b06bd-4056-4869-b5a0-0240a197434a;ИП Русаков А.М.;Русаков;Артем;Максимовна;NO
1500a7ce-c672-4fda-966e-46f852afaf54;Щербаков Г. А.;Щербаков;Георгий;Арсеньевич;NO
86e5dffd-9490-43bd-9a2a-cb4c5f4824b3;ИП Силина А.Т.;Сизина;Аристарх;Тихонович;NO
e30d58c1-9a64-46c1-9235-a3c794e71e3e;Фролова Терентий Харламович;Фролова;Терентий;Харламович;NO
a52c407e-6bf3-4155-9311-316de0369bd1;Силина Ян Данилович;Силина;Ян;Данилович;NO
f9010e89-bc38-4ef1-912b-ff08aadf643f;Поляков Ипполит Арсеньевич;Поуяков;Ипполит;Арсеньевич;NO
7f85b55f-9da7-4a8c-afe5-4bee4b575e97;ИП Кузьмина С.А.;Кузьмина;Сильвестр;Александровна;NO
91350646-a654-4f83-89fb-799e12ce7a1a;Поляков М. А.;Поляков;Мошей;Анатольевна;NO
edba709f-3dda-4835-ad24-d7ff4aed9e88;Николаев П. А.;Николаев;Пров;Александрович;NO
90d95b41-5398-4c9b-a7ce-166736c72871;Щукин Чеслав Филиппович;Щукин;Чеслав;Филиппович;NO
d11948b1-8202-4ac4-b9f6-c0927cfc2930;Мясникова Е. Г.;Мясникова;Еремей;Глебович;NO
2400d1ec-ffd3-43f5-be9e-978ddb7c7abf;Копылова Рубен Иосипович;Копылова;Рубен;Иосипович;NO
faa61bce-5938-4ef0-b361-15b847d6433d;Лихачева С. Г.;Лихачева;Сильвестр;Георгиевна;NO
b98f7ca8-1277-4616-94a9-a20827a22509;Мишина С. А.;Мишина;Соломон;Анатольевич;NO
81e584ad-7b10-4d95-b7fa-5257381fdbcd;Петрова Эмилия Глебович;Петрова;Эмилия;Глебович;NO
aa0d3dd9-e651-4118-be41-4771191b6af1;Терентьева Никифор Антонович;Терентьева;Никифор;Антонович;NO
d0f4333f-3de7-4742-809e-edf25c1c0e35;ИП Самойлов Ч.Б.;Самойлов;Чеслав;Брониславович;NO
337c2a9f-a509-4855-94dc-619d702425ae;ИП Фролова А.А.;Фролова;Аникей;Аверьянович;NO
2bcd95ca-f083-437a-a952-bc26133c744a;Журавлев А. К.;Журавлев;Антип;Кузьминична;NO
07931a7f-e6ab-4fda-9f69-80aaad9600d3;Белякова Эмилия Игнатьевич;Белякова;Эмилия;Игнатьевич;NO
72d544d7-2e2d-4aa5-b30f-04d326a316a3;Поляков У. Я.;Поляков;Ульян;Ярославович;NO
81e44e11-e214-49c9-ab14-b5c3665fa6b2;ИП Щукин А.Т.;Щукин;Аристарх;Тимофеевна;NO
2faadac0-6d95-424f-a532-f87bfdd7eb04;ИП Пестова М.А.;Пестова;Мокей;Аверьянович;NO
68cec443-fb33-40de-b6a8-4c226b3382c9;Корнилова Д. В.;Корнилова;Дмитрий;Владимировна;NO
ba94fcd8-c0e9-4beb-baef-032719887fae;ИП Щукин Ф.з.;Щукин;Фёкла;Харламович;NO
5b1e9b0e-7ba2-4291-af81-55aedd7ce09a;Бобров В. А.;Бобров;Виктор;Аверьянович;NO
8d29d58c-2e6d-406d-a789-d4bebe09fed4;Полякова Дмитрий Анатольевич;Полякова;Дмитрий;Анатольевич;NO
366de01b-fff2-4c6c-a012-cabf03c65559;ИП Буров К.М.;Буров;Кондрат;Макаровна;NO
ac144349-1855-4037-a197-b50566e14639;ИП Колесников П.М.;Колесников;Пантелеймон;Максимовна;NO
39ac4841-bff2-4964-8ee4-46126c450584;КнязевагФёкла Сергеевна;Князева;Фёкла;Сергеевна;NO
9c095ff1-6c93-4177-8dde-08a110d72a4f;Данилова Терентий Владимировна;Данилова;Терентий;Владимировна;NO
ce937b55-8005-48d5-af31-7a6015ea7246;Жукова Валерий Еремеевич;Жукова;Валерий;Еремеевич;NO
3dbc1177-3fcd-4df0-99bf-ab587bbb9dbe;Копылова Илья Богданович;Копылова;Илья;Бтгданович;NO
3df22426-0be8-48a4-95f2-f7fc608c0647;Третьяков С. Х.;Третьяков;Савелий;Харламович;NO
ee6dc588-95ae-4592-9e0a-b56426eb5f4f;Брагина В. М.;Васильева;Анисим;Фролович;NO
4ccbd76c-133d-4213-ba1d-4bb04aece9ca;Брагина В. М.;Брагина;Владшен;Макаровна;NO
2acce193-2fe0-4d4f-933c-b17fadceb4c4;Бирюкова Валерий Марсович;Бирюкова;Валерий;Марсович;NO
25e9c36c-611b-4fd6-8fb8-e1cb5f2ce0e8;Журавлев Виталий Анатольевич;Журавлев;Виталий;Анатольевгч;NO
f3e73328-a1e4-4122-9484-c35867064693;Тихонова Эмилия Максимовна;Тихонова;Эмилия;Максимовна;NO
ddc8c325-4e3a-4c42-95ee-10f7cd36af6b;ИП Пономарева К.А.;Пономарева;Кондрат;Аверьянович;NO
a733d793-a972-4461-9aaa-ac86aa875c7d;Максимов Изот Болеславовна;Максимов;Изот;Болеславовна;NO
56b7c812-176c-4fdf-bf5d-b1e24768c4f3;Максимов Изот Болеславовна;Максимов;Изот;Болеславовна;NO
c6a2c0f1-f401-46d1-a31b-5b7ae4eb1686;Лихачева Вера Трифонович;Лихачева;Вера;Трифонович;NO
0bd398f8-7482-486d-8a24-57e6dc18e2c4;Гордеева Ф. Т.;Гордеева;Флорентин;Трифонович;NO
c2678b57-94d0-4b28-9980-cf1abe3595ca;Васильева Кондратий Аверьянович;Васильева;Кондратий;Аверьянович;NO
e45a9421-8966-45db-b7b4-a4030c4e6458;Мясникова Кузьма Архиповна;Мясникова;Кузьма;Архиповна;NO
7ab2be6f-a13f-4e39-a192-40205e05dcd9;ИП Смирнов П.А.;Смирнов;Пров;Антоновна;NO
30b686c2-e38a-4c47-988d-a742d6c06a51;ИП Рогов О.А.;Рогов;Ольга;Августович;NO
d60b8323-8cbf-4dbc-8556-f476f042e568;Белякова Карп Эдуардовна;Белякова;Карп;Эдуардовна;NO
8938511e-9b78-4169-8fc9-e79b7ab53178;Брагина Савватий Трифонович;Брагина;Савватий;Трифонович;NO
95e67341-7596-408b-aa2f-aaeb931c39b6;ИП Федотов С.М.;Федотов;Спиридон;Макаровна;NO
c1737e9b-60ba-4188-8afd-17a3c2051f2c;Пестова Феврония Владимировна;Пестова;Феврония;Владимировна;NO
28d32b57-a040-4521-bdd6-2e94a50acafe;Шарапова М. Г.;Шадапова;Мариан;Глемович;NO
38a6e349-2e3a-4cd5-9f9a-cdc76b5a12e9;Филиппов Антип Викторовна;Филиппов;Антип;Викторовна;NO
563fe8e6-3b8a-433b-acd2-d0064a8d46c2;Щукин Дмитрий Августович;Щукин;Дмитрий;Августович;NO
d1859c8a-bf46-4ac4-998a-d80d3d1ec8a9;Фролова Ипат Георгиевна;Фролова;Ипат;Георгиевна;NO
ab416385-a048-475a-8e9d-9f2940cbfdc7;Лебедев Е. Х.;Лебедев;Еремей;Харлампьевич;NO
4da3275e-625d-42c2-9577-1e6ffc27e0ae;Куликова Т. Г.;Куликова;Терентий;Георгиевна;NO
cff37f3b-b7ac-4986-a514-ab8e7a8f3442;ИП Уваров Ф.Е.;Уваров;Фома;Еремеевич;NO
b0e26d9c-edb5-476e-923f-60c31715f28a;ИП Третьяков Д.В.;Третьяков;Данила;Валерианович;NO
a0df511c-2fe6-454a-ae80-6abc58650090;ИП Мишина Е.Б.;Мишина;Еремей;Болеслдвовна;NO
1ea6fd86-3bc4-4e35-b4f7-77e921a63d18;Лобанов Якуб Харламович;Лобанов;Якуб;Харламович;NO
5ab9dbcb-4410-4077-8a51-c44a98581fe4;Гордеева Евдоким Ильясович;Гордеева;Евдоким;Ильясовкч;NO
80daafda-b37e-4142-840b-f10ba0e5aafe;ИП Смирнов М.В.;Смирнов;Мокел;Валерианович;NO
c8df55c0-00b3-4b2a-a7ba-55092c3c3e43;Медведева виктория Адрианович;Медведбва;Виктория;Адрианович;YES
dc13126e-2ae5-4819-a878-b9e8d87721e4;Вишняков Ипполит Александровна;Вишняков;Ипполит;Александровна;NO
197fba8e-6f05-4efc-8767-cb44d952aae1;ИП Юдин К.Э.;Юдин;Кондрат;Эдуардовна;NO
db7ca2f3-1118-4ad0-964d-1371bae4e316;ИП Юдин К.Э.;Юдин;Кондрат;Эдуардовна;NO
aeccec1f-d657-463b-b648-afd59e12cf1a;Воробьев Т. Е.;Воробьев;Тарас;Ерофеевич;NO
38dbaae7-8f45-4145-9da6-7f03ff895642;Федотов Мокей Давидович;Федотов;Мокей;Давидович;NO
b1782a64-077a-4699-9c35-6666cd16ce7a;Филиппов Пров Захарьевич;Филиппов;Пров;Захарьевич;NO
20b18dcb-5221-459e-9995-adff0f51d316;Филиппов Пров Захарьевич;Филиппов;Пров;Захарьевич;NO
2b1d4ec1-36f4-4b23-9744-e5a978c45512;Соловьев Орест Валерианович;Соловьев;Оресш;Валерианович;NO
b23b9c54-60ae-4212-80b0-5c7e954e3010;Вишнякова У. А.;Вишнякова;Ульяна;Афанасьевна;NO
78d936a4-9a5e-404f-8041-170c804b0535;Иванова Лукия Владленович;Иванова;Лукия;Владленович;NO
cf7b69ed-1897-4e2d-a463-6e796e81ef6d;ИПтКудряшова Ф.Х.;Кудряшова;оёкла;Харлампьевич;NO
68383f47-80de-4bcd-83b0-5972e0c5b9e4;Третьяков Тарас Эдуардовна;Третьяков;Тарас;Эдуардовна;NO
03f15a10-b02e-44c6-9a8e-98d8aa0d74a4;Матвеева Аникита Болеславовна;Матвеева;Аникита;Болеславовна;NO
639485e8-1fa0-4b03-ac59-7f5232e6caa5;Гуляев Виссарион Аскольдовна;Гуляев;Виссарион;Аскольдовна;YES
d7dce1ec-7d97-47b7-8dd2-b3a735ad15d9;Князева Еремей Фокич;Князева;Еремей;Фокич;NO
0a10b45b-88d8-4aed-809c-b77a30273864;ИП Петрова А.А.;Петрова;Амос;Аркадьевна;NO
e382f548-b440-4bf1-8174-c4a8c88caf90;ИП Константинов К.А.;Константинов;Кирилл;Аверьянович;NO
38c366b3-419b-4b56-b458-75ae079142b1;Веселова У. Х.;Веселова;Ульяна;Харлампьевич;NO
96aaa469-adfe-436b-9eec-4e26e7eee999;Самойлов Кондратий Сергеевна;Самойлов;Кондратий;Сергеевна;YES
bc5bc6b3-7bed-4e31-8b27-7e198ec7db27;Одинцов Аникита Архиповна;Одинцов;Аникита;Архиповна;NO
116db26a-56eb-4cec-9450-f20550c9e8f1;ИП Субботина И.В.;Субботина;Илья;Виленович;NO
d7e66212-78b4-4731-b7e7-6e7d1033baed;Лыткина Дементий Феоктистович;Лыткина;Дементий;Феоктистович;NO
9869fb93-4c6c-4ec8-84ed-4cd66f7f6a06;ИП Терентьева В.Ф.;Терентьева;Веда;Фокич;NO
71e7eb9b-2cea-48e5-a682-c58be372943e;ИП Филиппов Ф.В.;Филиппов;Фёкла;Васильевич;NO
81accaaf-5363-4f00-ba86-c05ef6ff0a85;Константинов Дарья Геннадьевна;Константинов;Дарья;Геннадьевна;NO
ecfed6c2-62fc-498e-bbe5-24f9ea26655c;Гордеева Рубен Владимировна;Гордеева;Рубен;Владимировша;NO
c0980927-ae36-438a-bc70-c23527f75574;Вишнякова Федор Анатольевич;Вишнякова;Федор;Анатольевиф;NO
6c61dd1f-e62e-41b4-b0d5-f84ff7e50db2;Носова А. И.;Носова;Аникита;Ильясович;NO
3088ceae-be04-4847-9dca-8aa610253b03;Веселова Флорентин Макаровна;Веселова;Флорентин;Макаровна;YES
db9e84ca-3c46-4e85-a24a-dc4cd0e5a52e;Лукина Казимир Брониславович;Лукина;Казимир;Брониславович;NO
4b7b4eed-a266-4d04-8e27-9fadc6ac1aca;ИП Петрова Д.А.;Петрова;Дмитрий;Адрианович;NO
b5d9cab6-db9c-4fe8-9209-25e4f6829441;Комиссарова Илья Харлампьевич;Комиссарова;Илья;Харлампьевич;NO
4403994c-5470-4310-a648-23f40c41514e;Савельева Ульян Вадимовна;Савельева;Ульян;Вадимовна;NO
3d13256e-c921-4a5c-a1d7-0beec2f0a796;Гущин Фёкла Жанович;Гущин;Фёкла;Жанович;NO
a81dc6af-6dd8-4942-8e2c-3e8b26ea6f81;Субботина Соломон Фокич;Субботина;Соломон;Фокич;NO
4bf377db-7341-44b1-8364-eee5ded0ff6f;Фролова Спиридон Александровна;Фролова;Спиридон;Александровна;NO
61d9c6c2-6514-494b-abf2-77188e540487;Турова Пантелеймон Жанович;Турова;Пантелеймон;Жанович;NO
47cf2779-1ff1-4baf-8753-010b14b5584b;Комаров В. Ф.;Комаров;Владлен;Федотович;NO
8953f284-5409-40bc-b4c3-20e7b3a21722;Соловьев Ф. А.;Соловьев;Флорентин;Алексеевич;NO
7a1816c2-3fdc-455f-8c37-d144fe633f30;ИП Лебедев И.А.;Лебедев;Илья;Адрианович;NO
b361c9da-3dc3-4e35-83c1-efba7ebcc182;Колобов Порфирий Глебович;Колобов;Порфирий;Глебович;NO
a5ec00be-8e1a-4766-aef9-ba2df57ac082;Полякова Сильвестр Яковлевич;Полякова;Сильвестр;Яковлевич;NO
9bd789fd-e966-4aa7-a038-880c8c6d49f3;Федотов Мокей Антипович;Федотов;Мокей;Ацтипович;NO
f9651a11-fcbe-4ebb-929a-16929a5a83b2;Мельников Борислав Антонович;Мельников;Борислав;Антонович;NO
5b26674b-12d2-4a52-9877-c85a1bedde0e;Полякова Харитон Натановна;Полякова;Харитон;Натановна;NO
31729dee-b73f-4f77-886a-fdc8b20ba2c5;Одинцов Якуб Харламович;Одинцов;Якуб;Харламович;NO
c176aeb0-7d63-4981-97b8-fa3cec94dcac;Котова Сильвестр Фокич;Котова;Сильвестр;Фокич;NO
6a2e2da2-ecaa-4d63-a0a4-39f9e5c8b9bf;Соловьев Мокей Трифонович;Соловьев;Мокей;Трифонович;NO
14562b2c-647b-4cee-b449-dd2cbcc5e7b0;Максимова Федосий Натановна;Максимова;Федосий;Натановна;NO
96d6149e-4c86-4726-98cb-7e55a9f3e6b9;Корнилова Дарья Фёдорович;Корнилова;Дарья;Фёдорович;NO
7ec74dea-5f02-4bfa-9436-0f5c1854b2e3;Воробьев Мокей Яковлевич;Воробьев;Мокей;Яковлевич;NO
12264b2f-09cb-44fc-a427-0fe5d83de815;Воробьев Мокей Яковлевич;Воробьев;Мокей;Яковлевич;NO
beb2245d-ec8d-4a48-a8b7-57d3522011fc;ИП Полякова А.Д.;Полякова;Аристарх;Данилович;NO
491eca40-4e0a-467d-b8d4-9b2cbc985644;Савельева Валерий Арсеньевич;Савельева;Валерий;Арсеньевич;NO
ce9ba5bb-62d9-4b8c-8d5b-6cd6dd5acbc0;Лыткина Гаврила Болеславовна;чыткина;Гаврила;Болеславовна;NO
95e6ff72-477f-4d9f-8d86-4af7a8814086;Юдин Тарас Харламович;Юдин;Тарас;Харламович;NO
0e545ac2-11e1-40d4-8e3c-37aaf3bbb756;Вишняков Дарья Брониславович;Вишняков;Дарья;Брониславович;NO
4cc90109-6123-4e14-9619-c1d6ed97ecaa;Титова Арефий Аскольдовна;Титова;Арефий;Аскольдовна;NO
f438bfd0-155e-4048-9348-0c26c8dabbc1;Бирюкова Ф. К.;Бирюкова;Фома;Кузьминична;NO
744cfbb0-6cca-46d1-a82b-ce268b9be145;ИП Дементьева А.И.;Дементьева;Артем;Ильясович;NO
8c826e96-4d1b-4ed0-b6f8-8772aded35ab;Мамонтова Савелий Владленович;Мамонтова;Савелий;Владленович;NO
17f77e36-5604-4a51-9512-b2b39481153e;Медведева Ф. В.;Медведева;Фёкла;Валерианович;NO
cd8b05ba-166e-45e3-98f9-7013662522b4;Жукова Лариса Архиповна;Жукова;Лариса;Архиповна;NO
d010db99-00ba-4ef2-a06c-0bb4c335847b;ИП Колобов Т.Ф.;Колобов;Творимир;Фёдорович;NO
99f7c825-a75b-4ab6-99fd-e39cb42a82e8;Одинцов И. И.;Одинцов;Ипполит;Иосипович;NO
c789637b-9f94-4037-8c06-d6b2fb3b01cd;Исаев Ольга Архиповна;Исаев;Ольга;Архиповна;NO
17be257f-5a49-405d-a577-f44733bc0d6f;Иванова Евдоким Викторовна;Иванова;Евдоким;Викторовна;NO
a02493c2-68d8-4213-bb65-431c0fa8196c;ИП Голубева А.А.;Голубева;Акулина;Аркадьевна;NO
f004dd5a-1770-43b7-bc10-6fbb255ac485;Юдин Аникей Ярославович;Кузьмина;Регина;Фёдорович;NO
7204744a-ec5f-4845-9b79-bb2c15daf6d8;Юдин Аникей Ярославович;Юдин;Аникей;Ярославович;NO
9d9ab8a6-15e4-40a5-aca2-12f8662d0efe;Петухова Никифор Аркадьевна;Петухова;Никифор;Аркадьевна;YES
66a35e7c-0975-4325-a00e-b5f4db4463ce;Петухова Р. А.;Петухова;Рубен;Анатольевич;NO
9c278f2e-c0a9-4cb9-9625-faaf09ab1213;Поляков Борислав Игнатьевич;Поляков;Борислав;Игнатьевич;NO
accdad24-3bcc-478f-9a80-64651abe580b;Одинцов О. Г.;Одинцов;Орест;Георпиевна;NO
a8f87956-dea4-4c4c-a022-ccb71396d333;Мамонтов Данила Архиповна;Мамонтов;Данила;Архиповна;NO
faa67fbd-1686-4218-a7ed-d9f9eefa8058;Медведева О. Х.;Медведева;Остап;Харлампьевич;NO
b07717c6-8a49-4b3c-8942-f4e14b864cd5;ИП Носов К.Ф.;Носов;Казимир;Фролович;NO
bab89b9c-cde3-4577-869a-fab2e7483522;Рогов Виктор Марсович;Рогов;Виктор;Марсович;NO
e247d30b-b693-458b-8d9d-73d109c644e7;ИП Мамонтова О.А.;Мамонтова;Орест;Алексеевна;NO
1f831335-4615-4050-bb7a-b0ae5ec6ad6f;ИП Доронина М.Х.;Доронина;Мариан;Харлампьевич;NO
e2e06ae5-6c61-4a36-99ab-ac6dc41f2b51;Журавлев Клавдия Григорьевич;Журавлев;Клавдия;Григорьевич;NO
5f74e8ad-d73b-4d31-92a0-ac0b76cf1e5f;Исаев Кирилл Фролович;Исаев;Кирилл;Фролович;NO
921b9445-0385-4a5a-b901-fbba4b1d112a;ИП Гуляев П.М.;Гуляев;Пантелеймон;Марсович;NO
735677d8-7992-45bb-ae20-8a1593ef6b0b;Бирюкова Виталий Владиславовна;Бирюкова;Виталий;Владиславовна;NO
9e703796-b634-4f8e-8dd1-68f4882a81f9;Максимова Анисим Еремеевич;Максимова;Анисим;Еремеевич;NO
fed3c500-3b2e-4ac4-939b-30a7742e1521;Титова Спиридон Данилович;Титова;Спиридон;Данилович;NO
185ee015-f262-4464-9776-d72cca429bad;Носов Артем Антоновна;Носов;Артем;Антоновна;NO
aff2550d-715f-468d-8b9e-9f9381156bd8;ИП Носова Э.Х.;Носова;Эммануил;Харлампьевич;NO
9e95432e-2a75-491b-bc30-7b4f04a88360;Гущин Панкратий Максимовна;Гущин;Панкратий;Максимовна;NO
7583645f-02a2-4d81-a10c-ef7a319d68bb;Копылова Илья Фролович;Копылова;Илья;Фролович;NO
1a057006-169a-4ab8-8376-6101932c9bbd;Максимова Харитон Эдуардовна;Максимова;Харитон;Эдуардовна;NO
46389e1f-9188-4ded-b3d8-7655b54a1947;Селиверстова Ф. А.;Селиверстова;Федор;Александрович;NO
3b7c62a4-37e0-4728-b572-8ccf2a809633;Аксенова Глеб Арсеньевич;Аксенова;Глеб;Арсеньевич;NO
b91c4af9-7f43-44be-b3e5-5b929156977b;Иванова Антип Харлампьевич;Иванова;Антип;Харлампьевич;NO
130c0af2-6184-40f2-a51f-38a5ffa77f8c;Иванова Антип Харлампьевич;Иванова;Антип;Харлампьевич;NO
d366636d-240a-472b-9333-eae2a833fc24;ИП Третьяков М.Н.;Третьяков;Мариаа;Натановна;NO
7d326693-2acd-4c56-84e3-1af946f9a9a1;Кудряшова Евдоким Анатольевич;Кудряшова;Евдоким;Анатольевич;NO
bc787b39-0acc-4dbc-9400-024842278092;Пономарева Чеслав Антоновна;Пономарева;Чеслав;Антоновна;NO
84612443-b9cc-45b1-a730-9d8d82228de3;Мишина Кондратий Фокич;Мишина;Кондратий;Фокич;NO
91c0d63c-1ebb-4467-a111-776de1664e5f;Колесников Сильвестр Геннадиевна;Колесников;Сильвестр;Геннадиевна;NO
354ff917-aee2-46a7-bb21-06df09bfa76d;Громов Спиридон Викторовна;Громов;Спиридон;Викторовна;NO
cee421a3-0e1c-49ba-89c7-bd63a4c1e325;ИП Третьяков Л.А.;Третьяков;Лонгин;Афанасьевич;NO
ae99f150-6529-4de8-a664-3b973e0b78ca;Вишнякова Фёкла Кузьминична;Вишнякова;Фёкла;Кузьминична;NO
2c91b20a-fe8f-469b-b86b-2f99b015d460;Гуляев Творимир Кузьминична;Гуляев;Творимир;Кузьминична;NO
de074b1e-69ff-4245-85d1-df060fde619e;Николаев Т. А.;Николаев;Творимир;Архиповна;NO
6922294f-5f3f-4b3f-91b3-26845ec616cf;Мельников Соломон Игнатьевич;Мельников;Соломон;Игнатьевич;NO
02414a92-1769-4bfc-b764-97dba71a0d83;Воробьев Илья Захарьевич;Воробьев;Илья;Захарьевич;NO
a6825adf-3fd6-441d-8f16-0f20c62da5c5;Мамонтова Якуб Еремеевич;Мамонтова;Якуб;Еремеевич;NO
98c1cebd-3403-4f41-9349-bbe3765e5166;ИП Савельева Ф.Ф.;Савельева;Феврония;Федотдвич;NO
750804c0-90f6-4c17-905e-a659f302ee60;Аксенова Георгий Архиповна;Аксенова;Георгий;Архиповна;NO
e963daa7-1197-4679-b096-9e579a56fb9d;Максимов Терентий Аркадьевна;Максимов;Терентий;Аркадьевна;NO
da4a0fc1-6101-499a-af32-0495406682ae;Мамонтов Сильвестр Власович;Мамонтов;Сильвестр;Власович;NO
3a4f2c01-9fbc-4eca-9944-30d2ffb1e5da;ИП Вишнякова Г.А.;Вишнякова;Георгий;Аверчянович;NO
b403b001-10ed-4736-9007-cdbe4c207375;Голубева Аникита Харламович;Голубева;Аникита;Харламович;YES
40f8fe9e-8297-425f-be13-a59f7d53b056;Голубева Я. Ф.;Голубева;Якуб;Федотович;NO
ed90b488-b569-43a4-87df-0eff689b76dd;Иванова С. А.;Иванова;Сильвестр;Анатольевич;NO
2c61edcf-a22e-4aa0-b0be-d8642bb045c7;ИП Гордеева П.В.;Гордеева;Пантелеймон;Валерианович;NO
316bf0c0-4c3e-4160-9b25-d8370e706ee9;Куликова Мариан Фокич;Куликова;Мариан;Фокич;NO
57f8cf16-84c9-4dfd-9d7c-ccc2a1f0abea;ИП Полякова К.А.;Полякова;Кирилл;Аверьянович;NO
b5d711b0-988b-4557-a104-711eed346352;Комиссаров Панкратий Адрианович;Комиссаров;Панкратий;Адрианович;NO
238b3a05-dd76-4d4a-b020-f53ff50b787c;ИП Бирюкова О.А.;Бирюкова;Орест;Аркадьевна;NO
71f9f1ef-0c54-45fa-bdd8-2e1c71cd3c9c;ИП Бирюкова О.А.;Бирюкова;Орест;Аркадьевна;NO
dc437cde-6391-4ce7-b3d2-858ebfffadb5;Соловьев Кузьма Арсеньевич;Соловьев;Кузфма;Арсеньевич;NO
f2f2cf1f-5102-4e79-acc3-3115d78b5011;Кузьмина В. М.;Кузьмина;Варлаам;Макаровна;NO
302af5e7-4d5a-4bd4-a66b-4cd3984623e9;Максимова Савелий Трифонович;Максимова;Савелий;Трифонович;NO
0e74cacc-fdee-4f02-b618-caa4384c9380;Одинцов Амвросий Арсенович;Одинцов;Амвросий;Арсенлвич;NO
a4b964a6-3acf-4676-a7f4-c4e121292a3a;Селиверстова Клавдия Макаровна;Селиверстова;Клавдия;Макаровна;NO
125230ad-e989-48ab-a582-3048604705fa;ИП Фролова Ф.А.;Фролова;Фёкла;Адрианович;NO
81cfedca-3dfa-4b1b-bb2a-c07346ca0b54;Поляков Пантелеймон Григорьевич;Поляков;Пантелеймон;Григорьевич;NO
73df0f40-8e6f-4b75-ae25-6ec8fd76ee5b;Лебедев Лариса Ермолаевич;Лебедев;Лариса;Ермолаевич;NO
6a855d6b-e964-4936-82db-c6b0a5356f68;Васильева Мокей Тихонович;Васильева;Мокей;Тихонович;NO
c6816e88-d465-4025-88a8-812a1f6a137a;Копылова Юлия Харлампьевич;Копылова;Юлия;Харлампьевич;NO
96a63590-c43a-48b9-aca8-f50212828aa9;Ермаков Д. А.;Ермаков;Дмитрий;Арсеньевич;NO
671b7980-8543-4677-939b-2c0b6eb7354e;Максимова Ольга Александрович;Максимова;Ольга;Александрович;NO
88470d94-f444-4652-a2b9-543f561b01ca;ИП Титова м.Т.;Титова;Поликарп;Трифонович;NO
f5348a3a-8590-48f3-99fd-6fa20383fee7;Щукин Ф. Э.;Щукин;Федосий;Эдуардовна;NO
eb6a8426-0e51-4f1c-bca5-cbe82525b222;Колобов Савватий Анатольевна;Колобов;Савватий;Анатольевна;NO
6b6efc86-04b2-4d30-8a17-18243e373500;Фокина Э. А.;Фокина;Эммануил;Августович;YES
28025428-70a1-42a2-b89f-55efe0ea5270;Лебедев Федор Тихонович;Лебедев;Федор;Тихонович;NO
db75424a-c163-43d0-b20e-41dbf3a21a2d;Комаров Дарья Максимовна;Комаров;Дарья;Максимовна;NO
aa75e6bb-5556-4595-bccb-0331f9a945b5;Лукина С. Х.;Лукина;Сильвестр;Харламович;NO
04050ce9-f398-4894-9b96-946a2de44247;Дементьева Фёкла Эдуардовна;Дементьева;Фёкла;Эдуардовна;NO
80057828-2f10-489e-85c5-4a2c933b428d;Уваров Кондратий Геннадьевна;Уваров;Кондратий;Геннадьевна;NO
e2820a2f-1c69-41d4-9170-1d552a9be78c;ИП Рогов О.С.;Рогов;Остап;Сергеевна;NO
d12aadb4-7f4b-4aa3-995c-7279d443d20e;Петухова Георгий Геннадьевна;Петухова;Георгий;Геннадьевна;NO
d80f4474-585b-4d0a-87f0-a8307700e949;Мамонтова Кондратий Алексеевич;Мамонтова;Кондратий;Алексеевич;NO
6525d31b-2b09-4844-9000-ddfbc6e97238;ИП Журавлев Ч.Я.;Журавлев;Чеслав;Яковлевич;NO
302f9a3b-31ce-40f3-ac92-a92acbd01a3e;Шарапова Тарас Геннадьевна;Шарапова;Тарас;Геннадьевна;NO
5d93354f-9782-4273-b241-5dd3151113cc;ИП Белякова А.Л.;Белякова;Аникей;Леонидовна;NO
58136e02-dc3f-4a3c-87dc-653b4c828f1a;ИП Петрова К.Л.;Петрова;Карп;Леонидовна;NO
c9d3038b-a726-44ad-ac9b-7cc84c68a169;Турова Лонгин Матвеевна;Турова;Лонгин;Матвеевна;NO
2061a2c0-a581-4415-bd08-50d378209c2f;Самойлов Фортунат Фокич;Самойлов;Фортунат;Фокич;NO
3911d0c0-8f00-47e7-a148-82d13fd562bb;Копылова Амвросий Игнатьевич;Копылова;Амвросий;Игнатьевич;NO
31f68c57-19aa-4feb-8214-1c2c31fa38eb;Щукин С. А.;Щукин;Сила;Арсенович;NO
f0f7f4ab-8121-47a9-bf41-a5df96d6df48;Пестова Спиридон Тимофеевна;Пестова;Спиридон;Тимофеевна;NO
423480aa-63f2-4449-b7a1-01c5922bcd9e;ИП Копылова П.А.;Копылова;Пров;Арсеньевич;NO
c90ae1ec-d93a-4d28-a005-fddc60841972;Федотов Лонгин Анатольевич;Федотов;Лонгин;Анатольевич;NO
757c4fe6-4ae8-46a3-8ed6-18a39710e3b2;ИП Аксенова Д.И.;Аксенова;Дарья;Иосипович;NO
9de2f35d-43b7-4397-99c8-be0f7f5fe5d1;ИП Селиверстова О.В.;Селиверстова;Остап;Власович;NO
87cbba9c-1aae-4094-afa7-c53bd74889d9;Наумова Мариан Жанович;Наумова;Мариан;Жанович;NO
965c5586-158e-4de7-828c-28e216ea74a3;Рогов Савелий Давидович;Рогов;Савелий;Давидович;NO
aab7c426-96a5-4f0c-810d-c42ccfaaa267;Терентьева Акулина Тимофеевна;Терентьева;Акулина;Тимофеевна;NO
734db01c-7315-4bf6-aac9-35efdffe9391;Терентьева Акулина Тимофеевна;Терентьева;Акулина;Тимофеевна;NO
1ab38832-03ef-4390-b876-c0964c72c52e;Брагина Терентий Тихонович;Брагина;Терентий;Тихонович;NO
3389bff7-90a0-4e7f-ae7e-25844a31da1e;Данилова Р. М.;Данилова;Ратмир;Матвеевна;NO
cc74449a-3bf5-494a-870a-fe50910f1da7;Поляков Харитон Жанович;Поляков;Харитон;Жанович;NO
136e1f44-1dab-4a6a-bf58-ac4e7b8e178b;Гордеева Якуб Жанович;Гордеева;Якуб;Жанович;NO
a9c2b6e3-5821-454a-90a1-3188c926626e;Маслов Аникита Валерианович;Маслов;Аникита;Валерианович;NO
b8087326-32e6-4cd4-a59a-7f8b6f173a49;Щукин Тарас Ермолаевич;Щукин;Тарас;Ермолаевич;NO
908b16ef-10c3-42e5-97a7-b6f187d35a95;Иванова Дементий Арсеньевич;Иванова;Дементий;Арсеньевич;NO
a9d02579-b477-48eb-b54c-79fe12286681;Фокина Р. А.;Фокина;Регина;Арсеньевич;NO
fe9f9d46-6388-47b9-9c62-2e134d5b01fb;ИП Носова С.Я.;Носова;Спиридон;Ярославович;NO
6014870b-0f52-432a-9943-2c60d9509d01;Пестова Эмилия Августович;Пестова;Эмилия;фвгустович;NO
53ccb778-1348-431e-9c61-734dfbef5cdb;Третьяков Ф. Ф.;Третьяков;Федоб;Фролович;NO
4f808d62-e9b4-4f73-99ed-9bec198c50e1;Третьяков Ф. Ф.;Третьяков;Федоб;Фролович;NO
d20806df-2e9f-4d9d-9b90-f559f79ef387;Буров Аристарх Геннадьевна;Буров;Аристарх;Геннадьевна;NO
a443c609-4ede-464e-81a7-a7b82764482d;Муравьев А. В.;Муравьев;Аристарх;Власович;NO
d7fb237d-c9e5-4108-81cf-379d989648a2;ИП Титова С.З.;Титова;Савелий;Захарьевич;NO
b4a2eeb2-4581-4650-b0f4-05fd65cb0ca5;ИП Журавлев А.А.;Журавлев;Аристарх;Афанасьевич;NO
91b6421a-4c63-4eb0-98fa-ad692c434d62;ИП Гущин В.М.;Гущин;Владлен;Макаровна;NO
3c26e21f-3d4f-42f5-b59e-660df234172d;Субботина Карп Феоктистович;Субботина;Карп;Феоктисвович;NO
ff178c82-354a-44f2-906c-3886f93c1682;Максимова Валерий Антипович;Максимова;Валерий;Антипович;NO
915e7b17-8570-4c1b-9a91-f8fe00c833c3;Одинцов Савватий Власович;Одинцов;Савватий;Власович;NO
f7a4ff31-9e91-460c-bae1-89c360259483;Исаев Илья Владиславовна;Иеаев;Илья;Владиславовна;NO
8a0165cd-a158-4708-8411-6f26bf50d150;Голубева Мариан Алексеевна;Голубева;Мариан;Алексеевна;NO
c2a89e15-81cd-422b-806f-7d0992614eaf;Колобов Е. А.;Колобов;Еремей;Анатольевич;NO
0db4dd6a-f218-4220-ba29-b770f4d2a17a;Максимова Б. А.;Максимова;Борислав;Августович;NO
6fb4a337-9af3-4d6f-a650-5d6086bc354e;Смирнов Клавдия Марсович;Смирнов;Клавдия;Марсович;NO
2883a910-32dc-4f42-90bc-651748b35eac;ИП Буров Ф.Т.;Буров;Федосий;Тимофеевна;NO
9336d7fd-08b9-48ba-942b-d001730142b9;Лобанов Поликарп Ильясович;Лобанов;Поликарп;Ильясович;NO
aa893b45-e5a4-43c8-a6cb-2ea4651c900e;Дементьева Я. Х.;Дементьева;Ян;Харлампьевич;NO
66114ecd-39f3-4046-a274-76f117707443;Лыткина Д. Г.;Лыткина;Данила;Геннадьевна;NO
f81ab809-cbf2-4663-9a31-2fcf0c00140a;Ермаков Пимен Фокич;Ермаков;Пимен;Фокич;NO
5513bedc-6056-4ee8-81e1-63f289bbe5c7;Носов Порфирий Матвеевна;Носов;Порфирий;Матвеевна;NO
75bac385-b687-4cee-af64-624437797305;Артемьева Харитон Виленович;Артамьева;Харитон;Виленович;NO
cf06463f-cc38-4fed-9978-18e0421e962a;Кулакова Д. А.;Кулакова;Дмитрий;Арсеньевич;NO
53954ef0-8b1d-4807-bcab-fccb68765f1d;Кулакова Д. А.;Кулакова;Дмитрий;Арсеньевич;NO
49e152e6-a942-4fa9-94c8-0da3e7cb76f5;Максимов Владлен Владленович;Максимов;Владлен;Владленович;NO
5707959a-07d7-476a-8643-3bae5f82a2a9;Князева Казимир Арсенович;Князева;Казимир;Арсенович;NO
1562da0d-7a5c-411b-89ac-f0c5a18f0468;Уваров Я. И.;Уваров;Ян;Ильясович;NO
67d3ac6b-f22d-4270-9d8d-440823607061;Моисеева Пров Ярославович;Моисеева;Пров;Ярославович;YES
285c37c3-1ed2-4d80-8b75-4d9c1659e45b;Гущин Варлаам Харламович;Гущин;Варлаам;иарламович;NO
f9554a15-825b-40c2-b22d-16e86ad86dd9;Лобанов Гаврила Антипович;Лдбанов;Гаврила;Антипович;NO
a3d551e4-9e02-47ab-a854-516a86401b6c;ИП Мельникова П.Ф.;Мельникова;Порфирий;Феоктистович;NO
98d31365-709c-46f0-a481-aa5a02dfac5d;Колесников Ипат Арсеньевич;Колесников;Ипат;Арсеньевич;NO
ab2b070d-5834-4c05-b26d-248820c9bcb6;Турова Еремей Николаевна;Турова;Еремей;Николаевна;NO
c7d7e2c3-922b-4b99-8ce9-9c29c45f6301;Алексеев Порфирий Афанасьевич;Алексеев;Порфирий;Афанасьевич;NO
eb06eb1d-0d04-413d-8f86-86d6179b3d93;Щербаков Аникей Григорьевич;Щербаков;Аникей;Григорьевич;NO
69caf2ff-388f-4b8d-8b6e-3576c7ea8a50;Русаков Сильвестр Александровна;Русаков;Сильвестр;Александровна;NO
cae195c1-429d-4d19-a590-dce6a72c6b51;Петухова Артем Ильясович;Петухова;Артем;Ильясович;NO
ec203a7b-a9db-42a2-8d73-fd5668328a90;ИП Жукова П.И.;Жукова;Поликарп;Иосипович;NO
d5a29937-9c07-4040-aec5-31e2b8646efe;Мамонтов К. А.;Мамонтов;Кондратий;Алексеевич;NO
5d87ddd1-f0f0-4f76-89d5-325f7d7ff6ec;Ермаков К. А.;Ермаков;Кондрат;Александровна;NO
e65020f1-a93c-4282-ad08-c87ae08df337;Устинов Пантелеймон Арсеньевич;Устинов;Пантелеймон;Арсеньевич;NO
a54b674a-58d6-4158-b444-4b9b130e41a9;Турова К. А.;Турова;Кирилл;Архиповна;NO
8858c4f6-e5a8-4ae6-a991-cf9d48b6024b;Колобов Ульян Виленович;Колобов;Ульян;Виленович;NO
e58e242e-47ea-44e2-a59c-f9fa9f449fdd;Устинов Пантелеймон Геннадиевна;Устинов;Пантелеймон;Геннадиевна;NO
739f870f-bc2b-46d7-b923-b4a940a44190;Колесников И. Ф.;солесников;Илья;Фролович;NO
8b61af4b-e5e9-4dda-a863-85c9570a9ec3;Николаев Эмилия Юльевич;Николаев;Эмилия;Юльевич;NO
5c4c9f02-5325-4eb3-9601-d2ae25064438;ИП Филиппов С.А.;Филиппов;Сила;Афанасьевна;NO
56c8a37f-d4ac-4393-8454-13d8c84bd3be;ИП Филиппов С.А.;Филиппов;Сила;Афанасьевна;NO
84f17b36-db34-4fd2-a737-fcdc68158331;Мельников Терентий Игнатьевич;Мельников;Терентий;Игнатьевич;NO
10549774-26b9-42cb-9df6-fc3cf557dc8c;ИП Максимов Ф.Е.;Максимов;Фёкла;Ерофеевич;NO
0d55a58d-63e7-4e6d-8b29-9e2be9f73240;ИП Максимов Ф.Е.;Максимов;Фёкла;Ерофеевич;NO
47a81a2d-8629-4733-86e1-65a4966002f0;Комиссаров Б. А.;Комиссаров;Борислав;Аркадьевна;NO
6e69948a-6b2b-4b82-b9c5-671a30d57696;Голубева Ф. В.;Голубева;Феврония;Валерианович;NO
80de3072-eed8-444c-b56a-bfd12b651676;ИП Голубева К.А.;Голубева;Казимир;Александровна;NO
1fd077ec-e4d0-4e25-bd63-667645d8a8e6;ИП Колобов с.А.;Колобов;Мокей;Анатольевич;NO
6a106631-2eee-4d55-9a9f-249d71e12596;Веселова Платон Федоровна;Веселова;Платон;Федоровна;NO
